,0,1
0,0.4294488943767048,0.5705511056232953
1,0.9856199357599252,0.014380064240074753
2,0.10588318254374766,0.8941168174562524
3,0.08681960386979459,0.9131803961302055
4,0.9480024754083368,0.05199752459166308
5,0.26032462453952837,0.7396753754604717
6,0.17570326536827516,0.8242967346317248
7,0.9594492832321542,0.0405507167678458
8,0.2861342118383733,0.7138657881616267
9,0.17848919837038085,0.8215108016296191
10,0.3860342615505026,0.6139657384494973
11,0.4551421865070437,0.5448578134929564
12,0.9120052024084115,0.08799479759158856
13,0.10979458779013249,0.8902054122098676
14,0.31906500215949674,0.6809349978405033
15,0.6861465333249652,0.31385346667503483
16,0.9730325250276627,0.026967474972337247
17,0.27568649184293653,0.7243135081570635
18,0.38699270348929515,0.6130072965107048
19,0.4531599977842435,0.5468400022157566
20,0.30505767487673596,0.694942325123264
21,0.16839264153530648,0.8316073584646936
22,0.9941172978505267,0.005882702149473238
23,0.062059902329328676,0.9379400976706713
24,0.025433835961769947,0.9745661640382302
25,0.31295981247249477,0.6870401875275052
26,0.9971589401316273,0.0028410598683726762
27,0.3737079934957562,0.6262920065042439
28,0.8285368586465522,0.17146314135344776
29,0.2312182587832588,0.7687817412167411
30,0.8905349471391775,0.10946505286082249
31,0.3315557559737372,0.6684442440262627
32,0.15607565425096734,0.8439243457490326
33,0.19020880316222794,0.8097911968377719
34,0.5958620739678627,0.40413792603213733
35,0.21811333284400664,0.7818866671559934
36,0.42146117400339517,0.5785388259966049
37,0.5513611950227278,0.4486388049772722
38,0.4634189793080746,0.5365810206919255
39,0.2605158778660518,0.7394841221339481
40,0.7146900869027208,0.28530991309727916
41,0.49941575026590995,0.50058424973409
42,0.5793159660658599,0.4206840339341401
43,0.9861142762126821,0.01388572378731792
44,0.2841244484950914,0.7158755515049084
45,0.5562696251734188,0.44373037482658123
46,0.12316963452955611,0.8768303654704439
47,0.8476388537260716,0.15236114627392847
48,0.20709430886157495,0.792905691138425
49,0.6914540669864293,0.3085459330135707
50,0.9880891832231745,0.011910816776825473
51,0.39957602096877254,0.6004239790312274
52,0.2900665199007155,0.7099334800992845
53,0.18555765460657425,0.8144423453934257
54,0.5581906212673222,0.4418093787326777
55,0.2823296461912649,0.7176703538087352
56,0.9976776694065149,0.002322330593485229
57,0.955210200596983,0.04478979940301687
58,0.30420018687517414,0.695799813124826
59,0.8506666143227959,0.14933338567720406
60,0.7031647612625831,0.2968352387374169
61,0.9922341638578003,0.007765836142199743
62,0.9635264289452445,0.03647357105475549
63,0.8560087420854702,0.1439912579145299
64,0.9942250443093881,0.005774955690611789
65,0.5661570718699898,0.4338429281300103
66,0.9855404204303736,0.014459579569626431
67,0.3846150601765568,0.6153849398234432
68,0.3937460021030328,0.6062539978969672
69,0.8008553661240411,0.19914463387595885
70,0.28437693270671327,0.7156230672932867
71,0.9158759935657801,0.08412400643421976
72,0.3514241638228265,0.6485758361771735
73,0.9419428645627073,0.05805713543729283
74,0.1130187609533593,0.8869812390466406
75,0.518895497024629,0.481104502975371
76,0.9875400801168887,0.012459919883111245
77,0.1240516626997824,0.8759483373002177
78,0.32724215910081805,0.6727578408991819
79,0.28906303305504816,0.7109369669449519
80,0.11069446715764188,0.8893055328423581
81,0.4009210181290168,0.5990789818709832
82,0.413975209910498,0.5860247900895019
83,0.6650081292712736,0.3349918707287263
84,0.8013338700553064,0.1986661299446936
85,0.24199791974750265,0.7580020802524973
86,0.8175003387070365,0.18249966129296347
87,0.18914995844935922,0.8108500415506407
88,0.6486097962832233,0.3513902037167766
89,0.15698665321453478,0.8430133467854651
90,0.8141562448568196,0.18584375514318036
91,0.3303211292213787,0.6696788707786213
92,0.12859487906234365,0.8714051209376563
93,0.4805837684745115,0.5194162315254884
94,0.08368534062557305,0.9163146593744269
95,0.9871715186806024,0.012828481319397674
96,0.31015922830422266,0.6898407716957773
97,0.38827238343052606,0.6117276165694739
98,0.22105033381654,0.77894966618346
99,0.18755714608386395,0.8124428539161359
100,0.11101243753873927,0.8889875624612608
101,0.39989227078364564,0.6001077292163544
102,0.09058565073467714,0.9094143492653228
103,0.880033242631377,0.11996675736862296
104,0.8165813058041842,0.18341869419581572
105,0.847130740905731,0.15286925909426907
106,0.24439444305495123,0.7556055569450488
107,0.3191566939454295,0.6808433060545704
108,0.9627501496224823,0.037249850377517775
109,0.2558121696960648,0.7441878303039352
110,0.2624688337948433,0.7375311662051567
111,0.5971090908408985,0.4028909091591016
112,0.32246775477634265,0.6775322452236574
113,0.4804564620028188,0.5195435379971812
114,0.2794897544860698,0.7205102455139302
115,0.30886711023348146,0.6911328897665187
116,0.19125933829028366,0.8087406617097165
117,0.34201489624789355,0.6579851037521065
118,0.9709223878834414,0.029077612116558627
119,0.978330567720975,0.021669432279024996
120,0.9924354566690577,0.007564543330942166
121,0.8037774573952577,0.19622254260474226
122,0.8763514563003506,0.12364854369964931
123,0.303888074982209,0.6961119250177911
124,0.36424674855717004,0.6357532514428299
125,0.9229278452828544,0.07707215471714554
126,0.22856989882326806,0.7714301011767319
127,0.6140065036817115,0.38599349631828855
128,0.7317928789684768,0.26820712103152317
129,0.2532636758592921,0.7467363241407079
130,0.9088053747180448,0.09119462528195517
131,0.523073849604312,0.4769261503956879
132,0.24109528509792358,0.7589047149020763
133,0.9829961932149539,0.017003806785046115
134,0.356015818284682,0.6439841817153179
135,0.4025601698645198,0.5974398301354801
136,0.7953169452282094,0.20468305477179075
137,0.5265662082923754,0.47343379170762456
138,0.35721441604565807,0.6427855839543419
139,0.33596385577278065,0.6640361442272195
140,0.2570525073610347,0.7429474926389653
141,0.19691569547463136,0.8030843045253686
142,0.4161913851251163,0.5838086148748838
143,0.324103291583065,0.6758967084169349
144,0.9922282746199997,0.007771725380000138
145,0.062315403439884474,0.9376845965601156
146,0.2647425238501188,0.7352574761498812
147,0.6347979506454455,0.3652020493545544
148,0.17872877220354916,0.8212712277964508
149,0.3504262745629334,0.6495737254370666
150,0.2792187838911276,0.7207812161088725
151,0.42643581136232706,0.573564188637673
152,0.11668364763589598,0.8833163523641039
153,0.07937845869041242,0.9206215413095875
154,0.3253461614274954,0.6746538385725045
155,0.23551388349263677,0.7644861165073632
156,0.2725916745667651,0.7274083254332347
157,0.3837243242076363,0.6162756757923638
158,0.9579081193043584,0.04209188069564157
159,0.9349736636972533,0.06502633630274664
160,0.7292561754517048,0.27074382454829515
161,0.14959831580635288,0.850401684193647
162,0.11627262156443041,0.8837273784355697
163,0.6729423038458946,0.32705769615410546
164,0.4787066367816025,0.5212933632183975
165,0.11950847640141021,0.8804915235985897
166,0.9091870539629221,0.09081294603707793
167,0.2541397381812034,0.7458602618187966
168,0.8005595140524446,0.19944048594755534
169,0.21407162618403267,0.7859283738159675
170,0.9460713952828722,0.05392860471712779
171,0.21364392233616733,0.7863560776638328
172,0.19688359504917294,0.8031164049508271
173,0.5794458574565948,0.42055414254340506
174,0.1801989751980512,0.8198010248019487
175,0.21851914858036975,0.7814808514196303
176,0.31432635178462104,0.6856736482153789
177,0.9882421307557836,0.011757869244216382
178,0.9764222579346618,0.02357774206533829
179,0.27756766907481073,0.7224323309251893
180,0.5014697457668112,0.4985302542331888
181,0.9155977445398042,0.08440225546019571
182,0.4034799638271246,0.5965200361728754
183,0.9609401483875569,0.039059851612443144
184,0.46876024557300694,0.531239754426993
185,0.6536744011007443,0.3463255988992557
186,0.47730934613105996,0.52269065386894
187,0.3565226628663621,0.6434773371336379
188,0.3833535912871169,0.616646408712883
189,0.2232041068287756,0.7767958931712244
190,0.3599111037890314,0.6400888962109685
191,0.3978587522861213,0.6021412477138787
192,0.043592248190310046,0.95640775180969
193,0.34395557524726145,0.6560444247527385
194,0.10602897104910639,0.8939710289508936
195,0.0871750472572878,0.9128249527427121
196,0.552605596505067,0.4473944034949329
197,0.5840887392368919,0.4159112607631082
198,0.1507892784481838,0.8492107215518162
199,0.16817779481887504,0.8318222051811249
200,0.4993050004476028,0.5006949995523972
201,0.9140623694461254,0.08593763055387463
202,0.5575658566269376,0.44243414337306236
203,0.2716472753094756,0.7283527246905244
204,0.5203632303284527,0.4796367696715472
205,0.24783155373090318,0.7521684462690967
206,0.06527959169840625,0.9347204083015939
207,0.1296824923406597,0.8703175076593402
208,0.337535562956697,0.662464437043303
209,0.321412300871045,0.678587699128955
210,0.41825789865214447,0.5817421013478555
211,0.2808080399569153,0.7191919600430846
212,0.5804785030851458,0.4195214969148542
213,0.9918528048546602,0.008147195145339847
214,0.9753124304191304,0.024687569580869463
215,0.9271762136280423,0.07282378637195776
216,0.06745152137324696,0.9325484786267529
217,0.06979393642806322,0.9302060635719368
218,0.7975936585896606,0.2024063414103393
219,0.32554088456536684,0.6744591154346331
220,0.4253286861674661,0.5746713138325339
221,0.5934145231525354,0.4065854768474646
222,0.9779514244144073,0.022048575585592634
223,0.6221018240350039,0.3778981759649961
224,0.45178553072350774,0.5482144692764923
225,0.1788491674485321,0.821150832551468
226,0.8189300128588213,0.1810699871411787
227,0.9876719688195403,0.01232803118045975
228,0.39122211799621276,0.6087778820037872
229,0.9887881295159098,0.01121187048409016
230,0.258054114665197,0.741945885334803
231,0.25024782345079555,0.7497521765492045
232,0.8148440043927105,0.18515599560728943
233,0.6020384688978256,0.39796153110217436
234,0.8857522552584687,0.11424774474153139
235,0.1686751440028799,0.8313248559971202
236,0.1314828394157377,0.8685171605842623
237,0.16581811102126431,0.8341818889787356
238,0.20928394752011847,0.7907160524798815
239,0.3190293721624823,0.6809706278375177
240,0.44767107308911347,0.5523289269108865
241,0.8747729634380931,0.1252270365619069
242,0.6678247283211979,0.3321752716788021
243,0.127608088982552,0.8723919110174481
244,0.3053700368175895,0.6946299631824104
245,0.5014189961903548,0.49858100380964515
246,0.34104091290039107,0.6589590870996088
247,0.2216644461109868,0.7783355538890133
248,0.2914004746435483,0.7085995253564517
249,0.35057492996559875,0.6494250700344012
250,0.2461829018607687,0.7538170981392313
251,0.17420971743684788,0.8257902825631521
252,0.13124184701551556,0.8687581529844846
253,0.12154159594828777,0.8784584040517123
254,0.0889160806492552,0.9110839193507447
255,0.14868882758925048,0.8513111724107495
256,0.2231046002059613,0.7768953997940388
257,0.12150956881388865,0.8784904311861114
258,0.1851523746765807,0.8148476253234193
259,0.16086798262968313,0.8391320173703168
260,0.3777545459955349,0.6222454540044651
261,0.9517043070085484,0.048295692991451714
262,0.2510058363585324,0.7489941636414675
263,0.4030063880553771,0.5969936119446229
264,0.23529357719685046,0.7647064228031496
265,0.11560853629167858,0.8843914637083214
266,0.8834997922140325,0.11650020778596747
267,0.6488597784007409,0.3511402215992592
268,0.8085597764563515,0.19144022354364862
269,0.3121562158281427,0.6878437841718574
270,0.7534838358930276,0.24651616410697244
271,0.14736098581884727,0.8526390141811527
272,0.20511363902653676,0.7948863609734632
273,0.22574294332754033,0.7742570566724598
274,0.8584515279093035,0.14154847209069657
275,0.19796515884151494,0.802034841158485
276,0.4667824995147156,0.5332175004852844
277,0.977985747234945,0.02201425276505489
278,0.6289045058362244,0.3710954941637757
279,0.9985551054551329,0.0014448945448670956
280,0.5125636048755497,0.4874363951244502
281,0.2495962092945987,0.7504037907054013
282,0.2503696110658239,0.7496303889341762
283,0.6686505459643887,0.33134945403561133
284,0.17704829045980433,0.8229517095401957
285,0.3151839123173453,0.6848160876826547
286,0.8457310638938186,0.1542689361061814
287,0.1962722289245696,0.8037277710754305
288,0.2710655770144783,0.7289344229855217
289,0.8912195330467488,0.10878046695325122
290,0.4165359661501905,0.5834640338498095
291,0.9109325575344684,0.08906744246553155
292,0.28736810930984064,0.7126318906901594
293,0.37458234873218427,0.6254176512678158
294,0.21416232419595693,0.7858376758040432
295,0.6110231459877242,0.3889768540122757
296,0.31468121479512345,0.6853187852048765
297,0.18148986012989046,0.8185101398701096
298,0.3686338706391885,0.6313661293608115
299,0.7331432275079786,0.2668567724920215
300,0.5274177193017283,0.4725822806982717
301,0.27772470659809034,0.7222752934019098
302,0.5384494404936541,0.461550559506346
303,0.12457800327759888,0.8754219967224011
304,0.8748950553335288,0.12510494466647104
305,0.3987773717531758,0.6012226282468243
306,0.1576684886528738,0.8423315113471261
307,0.3381939476944645,0.6618060523055356
308,0.9253757258420332,0.07462427415796676
309,0.9347121093402971,0.06528789065970286
310,0.4384948201678571,0.5615051798321428
311,0.06519269465637974,0.9348073053436202
312,0.2269392982260625,0.7730607017739375
313,0.9962000795947067,0.0037999204052932144
314,0.9435799230028847,0.056420076997115154
315,0.9821702280482654,0.017829771951734567
316,0.9597227249808262,0.04027727501917391
317,0.5982671312879668,0.4017328687120332
318,0.1906103736293553,0.8093896263706447
319,0.994248268484793,0.005751731515207077
320,0.9995016881320419,0.0004983118679582568
321,0.14390204228428052,0.8560979577157195
322,0.7328756966158436,0.2671243033841565
323,0.3910039784339029,0.6089960215660971
324,0.13387658985332315,0.8661234101466769
325,0.10726331236543027,0.8927366876345697
326,0.755436732975036,0.2445632670249641
327,0.8103535369908921,0.18964646300910795
328,0.8041620071552155,0.19583799284478465
329,0.4817967987347336,0.5182032012652665
330,0.676863763951155,0.323136236048845
331,0.4337802952603,0.5662197047397001
332,0.6928258886668798,0.3071741113331202
333,0.2050124084643955,0.7949875915356045
334,0.4595910737004711,0.5404089262995291
335,0.21541170689749362,0.7845882931025064
336,0.3434322566163939,0.656567743383606
337,0.19451927730145688,0.8054807226985431
338,0.9277678297476508,0.07223217025234913
339,0.8421013495133893,0.15789865048661064
340,0.6761306209040728,0.32386937909592717
341,0.23252270853137713,0.767477291468623
342,0.48583104456120607,0.5141689554387938
343,0.333541405908152,0.6664585940918478
344,0.12825136415807387,0.8717486358419262
345,0.4287710497622433,0.5712289502377568
346,0.9608833947251497,0.039116605274850336
347,0.9719172183864109,0.028082781613589063
348,0.9610033443819109,0.03899665561808908
349,0.24582250383124513,0.7541774961687548
350,0.3564276910079669,0.6435723089920332
351,0.5242726556311593,0.47572734436884073
352,0.1677553192901873,0.8322446807098127
353,0.28499497950482133,0.7150050204951787
354,0.11057127883199303,0.8894287211680071
355,0.4470572024064921,0.5529427975935077
356,0.978692742446307,0.021307257553693063
357,0.3147666212130119,0.6852333787869881
358,0.18532322149066624,0.8146767785093337
359,0.9240383522852721,0.07596164771472796
360,0.3650928645883073,0.6349071354116927
361,0.12791878340287838,0.8720812165971217
362,0.9733622258242637,0.02663777417573632
363,0.11760741276753267,0.8823925872324673
364,0.21346404930738833,0.7865359506926117
365,0.398984777092446,0.601015222907554
366,0.27885505895563645,0.7211449410443637
367,0.9881577885485976,0.011842211451402318
368,0.5458513206061577,0.45414867939384246
369,0.9804680792351473,0.019531920764852738
370,0.31025894270806603,0.689741057291934
371,0.5221679578565532,0.4778320421434468
372,0.8784098156831395,0.12159018431686051
373,0.056955189019714,0.9430448109802861
374,0.9552458686372209,0.04475413136277916
375,0.9885552678276622,0.011444732172337688
376,0.8129833531458653,0.1870166468541348
377,0.36550695916765774,0.6344930408323423
378,0.3502892550289771,0.6497107449710228
379,0.7751886825856356,0.2248113174143645
380,0.20644234892905933,0.7935576510709407
381,0.44027501478706277,0.5597249852129372
382,0.24032016858275987,0.7596798314172403
383,0.7045977321537197,0.29540226784628026
384,0.19808522011616192,0.8019147798838381
385,0.6904418934291235,0.3095581065708764
386,0.46662047133915363,0.5333795286608464
387,0.982121971375878,0.017878028624121984
388,0.48640585110073,0.51359414889927
389,0.9953427870610826,0.004657212938917355
390,0.38290076246342636,0.6170992375365737
391,0.07123165737371873,0.9287683426262813
392,0.1712385136410645,0.8287614863589355
393,0.22599770401136146,0.7740022959886385
394,0.3783569479314845,0.6216430520685154
395,0.5381427502767522,0.4618572497232478
396,0.9674060933269629,0.032593906673037146
397,0.8542387858296617,0.14576121417033822
398,0.17047762880506606,0.829522371194934
399,0.3417329760865167,0.6582670239134831
400,0.8940568751697479,0.1059431248302522
401,0.21408710512798595,0.7859128948720141
402,0.898150279045116,0.10184972095488401
403,0.5123589820558753,0.4876410179441248
404,0.53234551513035,0.46765448486965006
405,0.9922423351546237,0.007757664845376409
406,0.4657143892371748,0.5342856107628252
407,0.17031379140262534,0.8296862085973746
408,0.3541588578713637,0.6458411421286364
409,0.21694433254045967,0.7830556674595402
410,0.9847472921374163,0.015252707862583634
411,0.4227449876929449,0.5772550123070551
412,0.17224918252425347,0.8277508174757466
413,0.38917342833286034,0.6108265716671396
414,0.9818804305411887,0.018119569458811196
415,0.3442562036719387,0.6557437963280612
416,0.2772287108048492,0.7227712891951509
417,0.995655834630858,0.004344165369141992
418,0.1697815849856184,0.8302184150143816
419,0.5986576271487881,0.401342372851212
420,0.584396497556361,0.4156035024436389
421,0.3272710000229052,0.6727289999770948
422,0.7506464500551348,0.2493535499448652
423,0.39700883740133236,0.6029911625986676
424,0.36908550690088304,0.6309144930991168
425,0.8986175019360929,0.10138249806390703
426,0.18080974686934645,0.8191902531306535
427,0.5335714146702843,0.4664285853297156
428,0.2241789971459112,0.7758210028540887
429,0.4344288317306481,0.5655711682693518
430,0.215887849780928,0.784112150219072
431,0.1522299790306049,0.847770020969395
432,0.4806604031947682,0.5193395968052318
433,0.6427355269200128,0.35726447307998727
434,0.3707720822879184,0.6292279177120818
435,0.6244779899805273,0.3755220100194728
436,0.9792800975903247,0.020719902409675243
437,0.868555753721376,0.13144424627862406
438,0.3010726931142828,0.6989273068857174
439,0.986699593090372,0.013300406909627853
440,0.2085661571360201,0.7914338428639799
441,0.4456589840068771,0.5543410159931228
442,0.9586146017644109,0.0413853982355891
443,0.26629545399845206,0.7337045460015479
444,0.2796879507030229,0.7203120492969772
445,0.10586898259311046,0.8941310174068895
446,0.4508083909063666,0.5491916090936335
447,0.06088849386862787,0.9391115061313722
448,0.23903961657671505,0.7609603834232849
449,0.42974515186295,0.5702548481370501
450,0.3796488363708246,0.6203511636291755
451,0.28048320917886305,0.7195167908211371
452,0.12384502519760827,0.8761549748023918
453,0.9714276686906894,0.02857233130931059
454,0.297455105126273,0.702544894873727
455,0.14871414546008419,0.8512858545399159
456,0.19925869093089602,0.8007413090691039
457,0.3963155237462537,0.6036844762537463
458,0.9477473326159652,0.052252667384034716
459,0.14664549293429407,0.8533545070657059
460,0.9319385559966777,0.06806144400332233
461,0.36417426989730756,0.6358257301026925
462,0.26672610249809087,0.7332738975019091
463,0.37231106879241327,0.6276889312075867
464,0.3680747661173684,0.6319252338826316
465,0.3688442952316381,0.6311557047683619
466,0.18423292697421773,0.8157670730257823
467,0.15409679424917014,0.8459032057508299
468,0.838759097602082,0.161240902397918
469,0.28081551234824836,0.7191844876517516
470,0.2514870514718243,0.7485129485281756
471,0.9661114827071244,0.03388851729287553
472,0.9913326409210581,0.008667359078941892
473,0.9862988414720997,0.013701158527900409
474,0.30576217398828054,0.6942378260117195
475,0.2721013924415616,0.7278986075584384
476,0.5192040484779774,0.4807959515220226
477,0.353507019082995,0.646492980917005
478,0.17074535283246206,0.8292546471675379
479,0.15853380355650382,0.8414661964434963
480,0.3148740440406427,0.6851259559593573
481,0.09599515486521687,0.9040048451347831
482,0.34087889969744084,0.6591211003025591
483,0.9924635347596027,0.007536465240397409
484,0.4654889612608241,0.5345110387391759
485,0.9272755413027842,0.07272445869721579
486,0.5321022796320798,0.4678977203679202
487,0.9619006518586077,0.038099348141392354
488,0.26135206378640735,0.7386479362135926
489,0.05145258859257294,0.948547411407427
490,0.2476051336746215,0.7523948663253784
491,0.2989373993972011,0.7010626006027989
492,0.6002137949930774,0.3997862050069225
493,0.4267234720678663,0.5732765279321338
494,0.2179247745124187,0.7820752254875813
495,0.6288671636855926,0.3711328363144075
496,0.06934536096582838,0.9306546390341716
497,0.08238504015481525,0.9176149598451848
498,0.35357924100454274,0.6464207589954573
499,0.3218894858261408,0.6781105141738591
500,0.1405862851974041,0.859413714802596
501,0.9604390498844844,0.039560950115515664
502,0.2924761943481268,0.7075238056518732
503,0.7825117309058442,0.21748826909415572
504,0.5229718163954632,0.47702818360453686
505,0.2188082265425338,0.7811917734574663
506,0.9967309126878067,0.00326908731219335
507,0.36115237655107624,0.6388476234489237
508,0.6128473917547754,0.3871526082452245
509,0.1070182273769906,0.8929817726230094
510,0.9975594735612873,0.0024405264387128388
511,0.5915017471804994,0.4084982528195006
512,0.5092819335416172,0.4907180664583828
513,0.36968555988317237,0.6303144401168276
514,0.3021077456563104,0.6978922543436896
515,0.34863900388296937,0.6513609961170307
516,0.5182623724782165,0.4817376275217835
517,0.9003729183968295,0.09962708160317059
518,0.6445809729385896,0.3554190270614104
519,0.3646819814603051,0.6353180185396948
520,0.9990107690358333,0.0009892309641667866
521,0.3290007475359516,0.6709992524640483
522,0.6860274328120323,0.3139725671879678
523,0.9614205804508457,0.03857941954915435
524,0.9869267543338157,0.013073245666184397
525,0.5090075253699488,0.4909924746300513
526,0.9546779764173524,0.04532202358264743
527,0.1301879475380467,0.8698120524619533
528,0.7119755092802005,0.2880244907197995
529,0.9748886910252681,0.02511130897473184
530,0.9319022655954807,0.06809773440451922
531,0.8968799338524717,0.10312006614752833
532,0.12807392585634844,0.8719260741436515
533,0.3967560660975216,0.6032439339024783
534,0.9898767732293101,0.010123226770689886
535,0.6230365613538508,0.3769634386461492
536,0.4516768035413758,0.5483231964586242
537,0.6350754057705243,0.36492459422947565
538,0.7659813483599613,0.23401865164003863
539,0.10009657338397054,0.8999034266160294
540,0.9588112075421792,0.041188792457820866
541,0.23622509066345715,0.7637749093365428
542,0.45057963722870387,0.549420362771296
543,0.7766857749586663,0.22331422504133364
544,0.6614998004438722,0.33850019955612776
545,0.3809983249685721,0.6190016750314279
546,0.3077066261246504,0.6922933738753495
547,0.18119175989360695,0.8188082401063931
548,0.9225603592519018,0.07743964074809828
549,0.18466676144725802,0.815333238552742
550,0.7614366346872498,0.23856336531275027
551,0.9770567732970453,0.022943226702954626
552,0.12462108770422997,0.87537891229577
553,0.9162372546229091,0.08376274537709083
554,0.28904926437471257,0.7109507356252873
555,0.09176943353833472,0.9082305664616652
556,0.9407781059671552,0.05922189403284469
557,0.5790995372643992,0.4209004627356006
558,0.09142362725722299,0.908576372742777
559,0.08169085736250356,0.9183091426374965
560,0.16571107712368044,0.8342889228763196
561,0.24604856889052282,0.7539514311094773
562,0.15231130213329386,0.8476886978667061
563,0.772651847184269,0.22734815281573093
564,0.2199430981478165,0.7800569018521835
565,0.172970114584928,0.827029885415072
566,0.5816764039764953,0.41832359602350466
567,0.39320927160144187,0.6067907283985581
568,0.5091107414755396,0.4908892585244604
569,0.7726061720943839,0.22739382790561607
570,0.20234774574165232,0.7976522542583477
571,0.1885070947569291,0.8114929052430708
572,0.7080046946576959,0.29199530534230417
573,0.2998567702274071,0.700143229772593
574,0.2715871315550013,0.7284128684449986
575,0.16430874269838222,0.8356912573016178
576,0.5773489617018241,0.4226510382981758
577,0.8884335025894031,0.11156649741059675
578,0.7370066173345543,0.2629933826654457
579,0.3321107208873003,0.6678892791126998
580,0.3457745598942429,0.6542254401057572
581,0.9905622583491122,0.009437741650887828
582,0.37405655991887143,0.6259434400811287
583,0.41280248774624373,0.5871975122537563
584,0.10561215909734838,0.8943878409026516
585,0.3705898932715039,0.6294101067284961
586,0.5641905641347026,0.4358094358652974
587,0.1686675720510064,0.8313324279489936
588,0.09937181330261295,0.9006281866973871
589,0.2876630938380058,0.7123369061619943
590,0.09021316130357962,0.9097868386964204
591,0.3775119987736236,0.6224880012263764
592,0.3459648309678285,0.6540351690321715
593,0.38975099926676693,0.6102490007332331
594,0.9728188719542764,0.027181128045723528
595,0.6250755538845945,0.37492444611540554
596,0.22725840256635987,0.7727415974336401
597,0.26759245141455046,0.7324075485854497
598,0.9927330635273096,0.007266936472690491
599,0.4158675341899624,0.5841324658100375
600,0.22840454742733002,0.77159545257267
601,0.13972150221102864,0.8602784977889714
602,0.22340772582844526,0.7765922741715547
603,0.8487743146383818,0.15122568536161823
604,0.3692222070410837,0.6307777929589162
605,0.25563345109499247,0.7443665489050075
606,0.8486299853926377,0.15137001460736235
607,0.9893596127595673,0.01064038724043281
608,0.30081750564707216,0.6991824943529278
609,0.14091269962862948,0.8590873003713705
610,0.20614925822631874,0.7938507417736813
611,0.33560566423020277,0.6643943357697972
612,0.21300286360546053,0.7869971363945395
613,0.19678304983282177,0.8032169501671783
614,0.991952390325358,0.008047609674641952
615,0.2670608790433714,0.7329391209566286
616,0.21532265224748864,0.7846773477525114
617,0.26047831338613675,0.7395216866138631
618,0.07572719000357998,0.9242728099964201
619,0.41697519427022595,0.583024805729774
620,0.34666004418143787,0.6533399558185622
621,0.22841053950360649,0.7715894604963934
622,0.26294667281860773,0.7370533271813924
623,0.9121673362476681,0.0878326637523319
624,0.1612460416704786,0.8387539583295214
625,0.9637574914911068,0.03624250850889327
626,0.5326405140033557,0.4673594859966444
627,0.3237520179679855,0.6762479820320146
628,0.29395007713703725,0.7060499228629628
629,0.21939183201632442,0.7806081679836756
630,0.40887331177837444,0.5911266882216256
631,0.4538755100068811,0.5461244899931189
632,0.9721520806670706,0.027847919332929415
633,0.2212351458563018,0.7787648541436982
634,0.30199285098335105,0.698007149016649
635,0.8843451394719145,0.11565486052808542
636,0.20851317580570242,0.7914868241942975
637,0.2769410673112164,0.7230589326887835
638,0.09683191818169677,0.9031680818183033
639,0.05088600392345289,0.949113996076547
640,0.36623709346846006,0.6337629065315399
641,0.4916477769940635,0.5083522230059366
642,0.49018301175204254,0.5098169882479575
643,0.2212678827197798,0.7787321172802202
644,0.27848921355807316,0.7215107864419269
645,0.2613219495502373,0.7386780504497628
646,0.4545393942531686,0.5454606057468313
647,0.16176863755752113,0.8382313624424789
648,0.60244138692029,0.3975586130797099
649,0.12346325981239124,0.8765367401876086
650,0.20092180572950435,0.7990781942704958
651,0.8932903430126558,0.10670965698734415
652,0.24769680309719772,0.7523031969028023
653,0.3331458442811527,0.6668541557188472
654,0.7635281824463293,0.2364718175536708
655,0.22799505769686318,0.7720049423031368
656,0.18584209078453992,0.8141579092154602
657,0.9934231251794892,0.0065768748205109135
658,0.16760389327465022,0.8323961067253497
659,0.3256333278048813,0.6743666721951188
660,0.36992280380882436,0.6300771961911755
661,0.98722046096314,0.01277953903685999
662,0.05284783574554683,0.9471521642544531
663,0.5682218478457637,0.43177815215423637
664,0.12912618366151019,0.8708738163384898
665,0.3123722596369282,0.6876277403630717
666,0.4731680516022457,0.5268319483977543
667,0.40112399004537347,0.5988760099546265
668,0.3356759048352222,0.6643240951647778
669,0.1860900556051085,0.8139099443948916
670,0.1917749496658545,0.8082250503341455
671,0.2538170650604181,0.7461829349395819
672,0.32819393637191757,0.6718060636280824
673,0.2840721781745479,0.7159278218254521
674,0.42766336139330885,0.5723366386066912
675,0.25910663748492435,0.7408933625150756
676,0.9798779737713171,0.020122026228682866
677,0.9499382148545644,0.05006178514543563
678,0.3978125167347738,0.6021874832652262
679,0.3277039907062609,0.6722960092937391
680,0.8005684550847495,0.19943154491525047
681,0.41066160825058096,0.589338391749419
682,0.7221547204884511,0.27784527951154897
683,0.2701284447053671,0.7298715552946329
684,0.2083801884990795,0.7916198115009205
685,0.22080162377442514,0.779198376225575
686,0.3133525656605,0.6866474343395
687,0.22335481379481875,0.7766451862051812
688,0.57395230489326,0.42604769510674
689,0.9351015868678119,0.06489841313218812
690,0.9913371592693455,0.008662840730654498
691,0.27759714704576455,0.7224028529542355
692,0.24951062393069792,0.7504893760693021
693,0.1865240769196071,0.8134759230803928
694,0.6598246729070811,0.34017532709291887
695,0.3638691398583093,0.6361308601416906
696,0.09611610757382734,0.9038838924261727
697,0.3842021258034913,0.6157978741965088
698,0.6236932439661903,0.3763067560338096
699,0.13791884275326244,0.8620811572467376
700,0.6134823592096394,0.38651764079036055
701,0.9791243450156903,0.020875654984309735
702,0.2908422446978703,0.7091577553021298
703,0.33956664206615966,0.6604333579338403
704,0.9252507774515568,0.07474922254844311
705,0.37890230193955377,0.6210976980604462
706,0.722172377103914,0.277827622896086
707,0.3624308602276004,0.6375691397723996
708,0.17283640237071402,0.827163597629286
709,0.38899087686192874,0.6110091231380712
710,0.9880628627018967,0.011937137298103254
711,0.30292009239216405,0.6970799076078359
712,0.9947103104944959,0.005289689505504191
713,0.19927496600596184,0.8007250339940382
714,0.0313553779406131,0.9686446220593871
715,0.18537652283022232,0.8146234771697777
716,0.9676099567386296,0.03239004326137056
717,0.9707987593641839,0.029201240635816087
718,0.19084884717523673,0.8091511528247634
719,0.5708076252524702,0.4291923747475298
720,0.12579459355788558,0.8742054064421144
721,0.9804178995067541,0.019582100493245942
722,0.039793835604443856,0.9602061643955562
723,0.41720665029825565,0.5827933497017443
724,0.34036456904901985,0.6596354309509801
725,0.43383212073883043,0.5661678792611696
726,0.06882437056178269,0.9311756294382172
727,0.521835602661251,0.478164397338749
728,0.8453717993651463,0.15462820063485375
729,0.8045863970821014,0.19541360291789864
730,0.9198379277049896,0.08016207229501034
731,0.174113208013749,0.8258867919862509
732,0.8827110125178252,0.1172889874821748
733,0.1377059171207827,0.8622940828792173
734,0.31261932812584003,0.6873806718741599
735,0.3767913003289383,0.6232086996710616
736,0.2768201358013256,0.7231798641986744
737,0.26638768456196327,0.7336123154380368
738,0.9079800495298309,0.09201995047016914
739,0.5875600901931668,0.4124399098068332
740,0.4055197299217661,0.5944802700782338
741,0.14574179092204287,0.8542582090779571
742,0.32467968661113117,0.6753203133888689
743,0.9757555412762133,0.024244458723786663
744,0.8054912201460658,0.19450877985393428
745,0.3801331761144829,0.6198668238855171
746,0.6917899845352281,0.30821001546477195
747,0.9632646611255445,0.036735338874455487
748,0.9789429511097782,0.021057048890221718
749,0.13804575512297199,0.861954244877028
750,0.9908551819058228,0.009144818094177293
751,0.3705693672391331,0.6294306327608669
752,0.5053028011690088,0.4946971988309911
753,0.3985249377423467,0.6014750622576532
754,0.15014592547745728,0.8498540745225427
755,0.1724209158711239,0.827579084128876
756,0.7942433923875366,0.2057566076124634
757,0.18894804988234484,0.8110519501176552
758,0.22204096097072556,0.7779590390292744
759,0.3053049201214431,0.6946950798785568
760,0.9766155773471609,0.023384422652839097
761,0.1986922396903423,0.8013077603096576
762,0.2992979909995568,0.7007020090004431
763,0.2220015790265556,0.7779984209734443
764,0.09236367513376943,0.9076363248662306
765,0.24345461236723898,0.7565453876327611
766,0.9427190392863773,0.05728096071362266
767,0.4098285950837229,0.5901714049162772
768,0.2326580055271654,0.7673419944728346
769,0.1059946631105321,0.8940053368894678
770,0.9414025137343622,0.05859748626563774
771,0.3289740362187312,0.6710259637812688
772,0.7526351109835276,0.24736488901647227
773,0.3827946748349499,0.6172053251650501
774,0.1140819906475169,0.8859180093524832
775,0.33769523566086584,0.6623047643391342
776,0.9830732595953914,0.016926740404608558
777,0.2688887326348831,0.7311112673651169
778,0.31042931110208766,0.6895706888979123
779,0.2588849733855552,0.7411150266144448
780,0.9843867047257296,0.015613295274270399
781,0.6542645741723804,0.34573542582761957
782,0.30667442799648315,0.6933255720035167
783,0.3928562057723551,0.607143794227645
784,0.46972831849638463,0.5302716815036154
785,0.2759943103813085,0.7240056896186915
786,0.7116524219266257,0.28834757807337424
787,0.8062363780617733,0.19376362193822672
788,0.48837984274120455,0.5116201572587955
789,0.2697939963127729,0.7302060036872271
790,0.2642248741338264,0.7357751258661736
791,0.3703848871961098,0.6296151128038903
792,0.2591296745973827,0.7408703254026172
793,0.9617828011213476,0.03821719887865229
794,0.4870271621863758,0.512972837813624
795,0.15580201235229832,0.8441979876477016
796,0.24483846748565918,0.7551615325143408
797,0.41171867231435905,0.5882813276856409
798,0.6623190782489059,0.3376809217510942
799,0.11013724236040626,0.8898627576395937
800,0.570568747156662,0.4294312528433381
801,0.26173621681225806,0.7382637831877419
802,0.9774502628718507,0.02254973712814923
803,0.9948709572795373,0.005129042720462579
804,0.9385235053252611,0.061476494674739014
805,0.12467553414711503,0.875324465852885
806,0.20890276209383984,0.7910972379061603
807,0.5413999983224811,0.45860000167751896
808,0.2197659195410548,0.7802340804589453
809,0.966207770016458,0.033792229983541956
810,0.3514232521224847,0.6485767478775153
811,0.3316202524568904,0.6683797475431096
812,0.5466330761127588,0.45336692388724126
813,0.31607083553165355,0.6839291644683464
814,0.9309136916891475,0.06908630831085252
815,0.2911541978790455,0.7088458021209545
816,0.4513664982901752,0.5486335017098247
817,0.6628726191285915,0.3371273808714084
818,0.8915216395531085,0.10847836044689144
819,0.14026966833383694,0.8597303316661631
820,0.29084224469787034,0.7091577553021298
821,0.1608324835642396,0.8391675164357605
822,0.8636784380071687,0.13632156199283116
823,0.7836165939143674,0.2163834060856325
824,0.40894872305094865,0.5910512769490512
825,0.26436526211091926,0.7356347378890807
826,0.34496809723219946,0.6550319027678005
827,0.18992893538564384,0.8100710646143562
828,0.1516313530968316,0.8483686469031684
829,0.19659755405545354,0.8034024459445465
830,0.8679769923473396,0.1320230076526605
831,0.8904383046315232,0.10956169536847693
832,0.5517188538896725,0.4482811461103276
833,0.3109263696975603,0.6890736303024396
834,0.45985162182843425,0.5401483781715657
835,0.540190355476853,0.4598096445231469
836,0.15029796294258815,0.8497020370574119
837,0.9052134284906638,0.09478657150933611
838,0.9878517198855916,0.012148280114408444
839,0.12910234558205522,0.8708976544179449
840,0.9985390451104708,0.0014609548895293165
841,0.959194500254199,0.04080549974580099
842,0.480899050025727,0.519100949974273
843,0.05582461694667427,0.9441753830533257
844,0.4299132740388067,0.5700867259611933
845,0.3366814748508726,0.6633185251491274
846,0.27014914690717406,0.7298508530928259
847,0.11021655505866032,0.8897834449413398
848,0.4345263773361411,0.5654736226638589
849,0.48268767337093277,0.5173123266290672
850,0.3360423887409923,0.6639576112590078
851,0.8580647993067186,0.14193520069328128
852,0.97009699255384,0.029903007446160073
853,0.14452900185393136,0.8554709981460686
854,0.27321493385146034,0.7267850661485398
855,0.2629718683386303,0.7370281316613697
856,0.18436085911754785,0.815639140882452
857,0.15175347214272478,0.8482465278572753
858,0.6819916989995507,0.3180083010004493
859,0.25193193839273187,0.7480680616072681
860,0.7854607865734551,0.21453921342654486
861,0.26619562562580434,0.7338043743741957
862,0.9303870455238361,0.06961295447616392
863,0.05656831144812793,0.9434316885518721
864,0.8950292820014807,0.10497071799851929
865,0.5389804874031185,0.4610195125968815
866,0.05860476831427136,0.9413952316857286
867,0.44866057293407746,0.5513394270659225
868,0.8998092565454102,0.10019074345458973
869,0.20051687777591,0.7994831222240899
870,0.1529788484815495,0.8470211515184506
871,0.11306227481677514,0.8869377251832248
872,0.9836786949247989,0.016321305075201017
873,0.10596339644397709,0.8940366035560229
874,0.8963837088646283,0.1036162911353717
875,0.20112771261337797,0.7988722873866221
876,0.6603187510993549,0.3396812489006451
877,0.3449283284582118,0.6550716715417882
878,0.18907451084188334,0.8109254891581167
879,0.1790043064699762,0.8209956935300239
880,0.9181676983109746,0.0818323016890254
881,0.9505311144958345,0.049468885504165526
882,0.04061535059949817,0.9593846494005017
883,0.16662804697375944,0.8333719530262406
884,0.9971714231814806,0.002828576818519334
885,0.21343953734912288,0.7865604626508771
886,0.9940235966207328,0.00597640337926715
887,0.20858629594248743,0.7914137040575125
888,0.1366848373816914,0.8633151626183085
889,0.9897422191540567,0.010257780845943306
890,0.3033292644340165,0.6966707355659835
891,0.4333618147062254,0.5666381852937745
892,0.25528728646487475,0.7447127135351254
893,0.23915041108536866,0.7608495889146314
894,0.9977740743040249,0.002225925695975058
895,0.61116146323352,0.38883853676648006
896,0.47794831434151214,0.5220516856584879
897,0.8221063695350228,0.17789363046497714
898,0.9632142029824348,0.03678579701756525
899,0.9769950235834768,0.023004976416523246
900,0.8317982819456112,0.1682017180543888
901,0.3179816254779701,0.68201837452203
902,0.21502982229815024,0.7849701777018497
903,0.3093685584199526,0.6906314415800474
904,0.11870604540505986,0.8812939545949402
905,0.8923327837570413,0.10766721624295887
906,0.9410883965322842,0.05891160346771583
907,0.378318375414339,0.621681624585661
908,0.25709471543706974,0.7429052845629303
909,0.10058729887908853,0.8994127011209115
910,0.16663832309969107,0.8333616769003088
911,0.13419857208153907,0.8658014279184609
912,0.20121368767382378,0.7987863123261761
913,0.19079742875605354,0.8092025712439465
914,0.3531094612565257,0.6468905387434742
915,0.3483000354023586,0.6516999645976416
916,0.20275898955245017,0.7972410104475499
917,0.2844096984216636,0.7155903015783364
918,0.9920941027806106,0.007905897219389455
919,0.36873721453056985,0.6312627854694303
920,0.9166706179649613,0.08332938203503872
921,0.8717071512257967,0.12829284877420336
922,0.2943194321921563,0.7056805678078437
923,0.20479132998624944,0.7952086700137506
924,0.08776883060944665,0.9122311693905534
925,0.9474744374083797,0.05252556259162039
926,0.2638805234119119,0.7361194765880881
927,0.7106158614703552,0.2893841385296447
928,0.1814222790877299,0.8185777209122701
929,0.24425781621244377,0.7557421837875563
930,0.3226021360598409,0.677397863940159
931,0.9937965135110765,0.006203486488923635
932,0.4629390960076272,0.5370609039923728
933,0.14121015494653835,0.8587898450534616
934,0.18633766909160346,0.8136623309083965
935,0.25400802154480384,0.745991978455196
936,0.7704010266253853,0.22959897337461468
937,0.3345202039785612,0.6654797960214388
938,0.9055623240402867,0.09443767595971331
939,0.9824429034756174,0.017557096524382653
940,0.21452455323451974,0.7854754467654802
941,0.4609022319506848,0.5390977680493152
942,0.9679572197795652,0.0320427802204349
943,0.3545223945854888,0.6454776054145112
944,0.986512251637548,0.013487748362451934
945,0.3570507191644259,0.6429492808355741
946,0.114361942603023,0.885638057396977
947,0.36050591666108045,0.6394940833389196
948,0.9799830331110103,0.020016966888989778
949,0.4772577029510256,0.5227422970489743
950,0.1900466630956191,0.8099533369043809
951,0.14121755256911409,0.858782447430886
952,0.5241726409129092,0.4758273590870909
953,0.9892457951204137,0.010754204879586256
954,0.29735752276909516,0.7026424772309049
955,0.2427239611653592,0.7572760388346409
956,0.28774670560004084,0.7122532943999592
957,0.30700601058949994,0.6929939894104999
958,0.4025822965669726,0.5974177034330274
959,0.14955239567936157,0.8504476043206384
960,0.572255129096267,0.427744870903733
961,0.9588769908371778,0.041123009162822195
962,0.45570170331634446,0.5442982966836556
963,0.7047742040487308,0.295225795951269
964,0.6259944808180471,0.37400551918195285
965,0.29666056639567806,0.7033394336043218
966,0.2351507424002062,0.7648492575997938
967,0.8045585663803428,0.19544143361965713
968,0.1544471117566277,0.8455528882433723
969,0.9710131856879914,0.028986814312008464
970,0.9050472712408925,0.09495272875910751
971,0.49347637021244956,0.5065236297875504
972,0.9781545922606701,0.021845407739329727
973,0.35271964074506085,0.6472803592549391
974,0.3308841278450232,0.6691158721549768
975,0.3633468763902937,0.6366531236097063
976,0.3219276854295294,0.6780723145704707
977,0.08675683310159032,0.9132431668984098
978,0.6663529972647059,0.3336470027352941
979,0.8354134252029188,0.16458657479708116
980,0.2772068706833487,0.7227931293166513
981,0.7311702395505626,0.2688297604494373
982,0.07989797884941356,0.9201020211505865
983,0.3417365753204172,0.6582634246795828
984,0.0917828534168705,0.9082171465831295
985,0.35297538842020043,0.6470246115797996
986,0.19725813469113931,0.8027418653088607
987,0.3967886168883781,0.6032113831116219
988,0.2978765718214072,0.7021234281785929
989,0.28318995168647193,0.7168100483135281
990,0.23597565696826725,0.7640243430317327
991,0.5356150821214687,0.46438491787853126
992,0.9807489894642659,0.01925101053573405
993,0.9678898776620207,0.032110122337979156
994,0.9835713432081783,0.016428656791821716
995,0.25624741307265414,0.7437525869273458
996,0.19190564635688773,0.8080943536431122
997,0.1970191394727624,0.8029808605272376
998,0.1927299905237445,0.8072700094762556
999,0.6167159060519461,0.38328409394805396
1000,0.13405874174753354,0.8659412582524664
1001,0.9244214102038006,0.07557858979619937
1002,0.3159329352186444,0.6840670647813556
1003,0.9887996975674224,0.011200302432577587
1004,0.19119654640528216,0.808803453594718
1005,0.9275220372196294,0.07247796278037053
1006,0.06557768641103798,0.934422313588962
1007,0.9676888116115662,0.03231118838843382
1008,0.08081364923133927,0.9191863507686606
1009,0.3983094645858764,0.6016905354141237
1010,0.9663965332122871,0.033603466787712845
1011,0.9974597847237074,0.002540215276292472
1012,0.9626784663918162,0.03732153360818382
1013,0.3205903760122577,0.6794096239877424
1014,0.09623693553102006,0.90376306446898
1015,0.13477335199344082,0.8652266480065591
1016,0.21475937232704906,0.7852406276729509
1017,0.7220748558105582,0.27792514418944186
1018,0.37284171124196347,0.6271582887580365
1019,0.3516147329668823,0.6483852670331176
1020,0.3270581363361767,0.6729418636638232
1021,0.5816109470471448,0.4183890529528552
1022,0.21532349704272943,0.7846765029572705
1023,0.3257022848065678,0.6742977151934322
1024,0.8487152611854861,0.1512847388145139
1025,0.8776498828463825,0.12235011715361756
1026,0.31341044734206713,0.6865895526579329
1027,0.12656607267147835,0.8734339273285218
1028,0.7163874285161805,0.2836125714838194
1029,0.9943071660672886,0.005692833932711318
1030,0.41049849750703243,0.5895015024929675
1031,0.9841574728239046,0.015842527176095307
1032,0.9692394599298001,0.030760540070199835
1033,0.9536186758830772,0.046381324116922626
1034,0.34614202421949875,0.6538579757805012
1035,0.5987498860547497,0.4012501139452503
1036,0.27751613738936187,0.7224838626106382
1037,0.9969667144145758,0.0030332855854242396
1038,0.2215823330354576,0.7784176669645425
1039,0.4074871891367866,0.5925128108632134
1040,0.15516398736320774,0.8448360126367923
1041,0.8680529489281726,0.1319470510718273
1042,0.3654587228998504,0.6345412771001497
1043,0.2558565289664415,0.7441434710335585
1044,0.8612313488630342,0.1387686511369659
1045,0.2514125152474844,0.7485874847525156
1046,0.7126284092870311,0.2873715907129689
1047,0.30147434192347083,0.6985256580765293
1048,0.6978517717837777,0.3021482282162224
1049,0.2382242071887372,0.7617757928112627
1050,0.3379399600269012,0.6620600399730988
1051,0.378738051757093,0.621261948242907
1052,0.15033742912885936,0.8496625708711407
1053,0.20858134364419018,0.7914186563558098
1054,0.3493039900070237,0.6506960099929763
1055,0.2074705934179852,0.7925294065820149
1056,0.2144081400986362,0.7855918599013637
1057,0.4817748279293175,0.5182251720706824
1058,0.055002481456748464,0.9449975185432515
1059,0.13955679021204676,0.8604432097879532
1060,0.31200786722319357,0.6879921327768064
1061,0.3269984944404974,0.6730015055595028
1062,0.3369765535147383,0.6630234464852616
1063,0.9398296539941599,0.060170346005840016
1064,0.3954079299938448,0.6045920700061551
1065,0.5517626300421677,0.44823736995783225
1066,0.45194553398725185,0.5480544660127482
1067,0.7853534248218307,0.21464657517816918
1068,0.9813593130023069,0.018640686997693105
1069,0.30268343489014915,0.6973165651098508
1070,0.27004958832992704,0.7299504116700729
1071,0.31294605161525685,0.6870539483847431
1072,0.9952200082215752,0.004779991778424777
1073,0.5258990498843468,0.4741009501156532
1074,0.2800694784090603,0.7199305215909396
1075,0.44598412113445063,0.5540158788655494
1076,0.9821008012017958,0.01789919879820418
1077,0.2398977815114737,0.7601022184885263
1078,0.4315453341002169,0.5684546658997832
1079,0.3613540514610004,0.6386459485389996
1080,0.29320036689363105,0.706799633106369
1081,0.7946518071070624,0.20534819289293768
1082,0.411816527191588,0.588183472808412
1083,0.43991279025262936,0.5600872097473706
1084,0.541157413068522,0.4588425869314779
1085,0.4046984167553476,0.5953015832446523
1086,0.37536654588795554,0.6246334541120445
1087,0.9514757256523514,0.04852427434764869
1088,0.46935545727578704,0.530644542724213
1089,0.18301449434354905,0.816985505656451
1090,0.3501288233501037,0.6498711766498962
1091,0.2748988401414385,0.7251011598585614
1092,0.2660100981092479,0.7339899018907521
1093,0.5450204886815534,0.4549795113184465
1094,0.04780370767692912,0.9521962923230708
1095,0.966323552082604,0.033676447917396095
1096,0.27825277712120594,0.721747222878794
1097,0.6522942074332049,0.34770579256679507
1098,0.32916987127025976,0.6708301287297402
1099,0.2337267735311195,0.7662732264688806
1100,0.19183370051191945,0.8081662994880806
1101,0.3471766145946009,0.6528233854053991
1102,0.2643298689476766,0.7356701310523234
1103,0.36424559070268236,0.6357544092973176
1104,0.3335603009560849,0.6664396990439152
1105,0.21151107491103696,0.788488925088963
1106,0.24648310282058966,0.7535168971794104
1107,0.7070153171568986,0.29298468284310136
1108,0.2241045669861946,0.7758954330138055
1109,0.8085362471414647,0.1914637528585353
1110,0.28888181084688563,0.7111181891531143
1111,0.3726067413660516,0.6273932586339483
1112,0.2418620204542858,0.7581379795457142
1113,0.30320459973634706,0.6967954002636529
1114,0.100653994526291,0.8993460054737089
1115,0.8307196279126514,0.16928037208734864
1116,0.3534005268048465,0.6465994731951535
1117,0.5663434905409167,0.43365650945908324
1118,0.36391821257280194,0.6360817874271981
1119,0.909731012314423,0.09026898768557694
1120,0.4484693679561644,0.5515306320438357
1121,0.2295002873943699,0.7704997126056301
1122,0.2684977033144041,0.731502296685596
1123,0.487164820436598,0.5128351795634021
1124,0.32079362879013285,0.6792063712098672
1125,0.9671261362315623,0.03287386376843782
1126,0.3808903167777919,0.6191096832222082
1127,0.21461437940923514,0.785385620590765
1128,0.9473155049708568,0.05268449502914333
1129,0.3568319730564467,0.6431680269435532
1130,0.9979796860473459,0.0020203139526540743
1131,0.45776538096489966,0.5422346190351005
1132,0.37253006769643676,0.6274699323035633
1133,0.35445717895394124,0.6455428210460589
1134,0.27586884016478713,0.7241311598352127
1135,0.41833381587509283,0.5816661841249072
1136,0.3399062558545743,0.6600937441454257
1137,0.2535633608818076,0.7464366391181922
1138,0.5824694445411545,0.4175305554588456
1139,0.06128740499082049,0.9387125950091795
1140,0.14957529068932268,0.8504247093106774
1141,0.9918182109627331,0.00818178903726684
1142,0.23632560092613308,0.763674399073867
1143,0.397445571827837,0.6025544281721631
1144,0.26006437358531276,0.7399356264146872
1145,0.988863078193392,0.011136921806607972
1146,0.25291377244727736,0.7470862275527226
1147,0.9852539038732082,0.014746096126791652
1148,0.9820577702923907,0.01794222970760934
1149,0.29708180100653536,0.7029181989934646
1150,0.1582519977169314,0.8417480022830686
1151,0.9893038748636093,0.01069612513639074
1152,0.16021032369984645,0.8397896763001536
1153,0.4524189143729112,0.5475810856270887
1154,0.5068735669535454,0.49312643304645454
1155,0.3019159170377597,0.6980840829622403
1156,0.08311453243092158,0.9168854675690784
1157,0.7383710118605955,0.2616289881394045
1158,0.1967060862319894,0.8032939137680106
1159,0.7916006757388967,0.20839932426110325
1160,0.836571444471734,0.163428555528266
1161,0.4250283164349974,0.5749716835650026
1162,0.700070164629078,0.299929835370922
1163,0.16954814901071402,0.830451850989286
1164,0.3645418210736625,0.6354581789263374
1165,0.21459465912715567,0.7854053408728444
1166,0.8614798662473729,0.13852013375262703
1167,0.8970562641683353,0.10294373583166465
1168,0.4469966399126055,0.5530033600873946
1169,0.050933017073750426,0.9490669829262495
1170,0.08228591024153645,0.9177140897584637
1171,0.21587667749154574,0.7841233225084543
1172,0.2528138318111447,0.7471861681888553
1173,0.9588117209387029,0.04118827906129718
1174,0.6454441946100509,0.354555805389949
1175,0.9868205316486497,0.013179468351350289
1176,0.8762535743403208,0.12374642565967928
1177,0.2180594470338235,0.7819405529661766
1178,0.19012363948803118,0.8098763605119688
1179,0.9100244908968737,0.08997550910312639
1180,0.883391777393586,0.11660822260641407
1181,0.6172712403615558,0.3827287596384442
1182,0.9046589880442312,0.09534101195576876
1183,0.9788606901287465,0.02113930987125355
1184,0.3702351853081141,0.6297648146918858
1185,0.41580340427847845,0.5841965957215215
1186,0.16624042465755767,0.8337595753424423
1187,0.03540333587066453,0.9645966641293355
1188,0.0635012259973041,0.9364987740026959
1189,0.29576331020141144,0.7042366897985886
1190,0.8545265528417103,0.1454734471582897
1191,0.26317853016739334,0.7368214698326067
1192,0.6036761024898307,0.39632389751016933
1193,0.22599840370309554,0.7740015962969046
1194,0.31099386283290364,0.6890061371670964
1195,0.29151715311650317,0.7084828468834968
1196,0.8016962739439559,0.19830372605604402
1197,0.2408626260107445,0.7591373739892556
1198,0.9886573180013483,0.011342681998651719
1199,0.9176148086495678,0.08238519135043217
1200,0.9701238430287361,0.029876156971263914
1201,0.24507113702146008,0.7549288629785399
1202,0.21101751202047261,0.7889824879795274
1203,0.5892895030996679,0.4107104969003321
1204,0.09151612104072612,0.908483878959274
1205,0.13920448642780245,0.8607955135721976
1206,0.17831125804826917,0.8216887419517308
1207,0.21864878958565026,0.7813512104143499
1208,0.07104195224917206,0.928958047750828
1209,0.7575927850500267,0.24240721494997333
1210,0.14021830312438927,0.8597816968756108
1211,0.08299724972934772,0.9170027502706523
1212,0.4859551956555478,0.5140448043444522
1213,0.8966695227284326,0.10333047727156745
1214,0.9724848035774899,0.02751519642251013
1215,0.09460705434826615,0.9053929456517338
1216,0.12146420948876363,0.8785357905112364
1217,0.25904981830198165,0.7409501816980183
1218,0.9625542784984559,0.03744572150154405
1219,0.5662634236854901,0.4337365763145098
1220,0.3562836489689893,0.6437163510310107
1221,0.4720601357584562,0.5279398642415438
1222,0.5357934180926075,0.46420658190739256
1223,0.990477200716935,0.009522799283065049
1224,0.9704403591257889,0.029559640874211167
1225,0.19245599791797283,0.8075440020820271
1226,0.31469954592443344,0.6853004540755665
1227,0.16642512799849352,0.8335748720015065
1228,0.26190300890695417,0.7380969910930458
1229,0.14220957010870633,0.8577904298912936
1230,0.18434401805645648,0.8156559819435436
1231,0.19891029306556124,0.8010897069344387
1232,0.314677979949898,0.685322020050102
1233,0.4623817219643901,0.5376182780356099
1234,0.13983055869968047,0.8601694413003195
1235,0.42521747693909284,0.5747825230609072
1236,0.9498808316669461,0.050119168333053826
1237,0.2834547299045777,0.7165452700954225
1238,0.16296151233826425,0.8370384876617357
1239,0.10968858506534356,0.8903114149346566
1240,0.3270244632871306,0.6729755367128695
1241,0.07050367613345163,0.9294963238665483
1242,0.7936303794044053,0.2063696205955948
1243,0.8840667526249569,0.1159332473750431
1244,0.4879275967773068,0.5120724032226932
1245,0.0455071367882779,0.954492863211722
1246,0.8416410066594315,0.15835899334056844
1247,0.9436422841661322,0.056357715833867776
1248,0.28183065933374285,0.7181693406662571
1249,0.8018928580202501,0.1981071419797498
1250,0.11389837918637076,0.8861016208136292
1251,0.9616876716912461,0.03831232830875383
1252,0.05548792719532795,0.9445120728046721
1253,0.2208047206587895,0.7791952793412105
1254,0.524404342862965,0.4755956571370351
1255,0.37699491067359064,0.6230050893264093
1256,0.9795579631233539,0.020442036876646173
1257,0.17504583114437397,0.8249541688556259
1258,0.09687416741351486,0.9031258325864852
1259,0.3116939075727227,0.6883060924272772
1260,0.5001992499894529,0.49980075001054713
1261,0.23796443465430844,0.7620355653456915
1262,0.6760036006892467,0.32399639931075336
1263,0.9935713479984691,0.006428652001530974
1264,0.2932258573131271,0.7067741426868728
1265,0.2975315958527813,0.7024684041472186
1266,0.37268178491158777,0.6273182150884121
1267,0.8322748350556555,0.16772516494434445
1268,0.9528778699917094,0.047122130008290714
1269,0.2966597317840579,0.703340268215942
1270,0.3467615172629274,0.6532384827370726
1271,0.9923922728165847,0.007607727183415231
1272,0.4138296575862355,0.5861703424137645
1273,0.40959521171116803,0.590404788288832
1274,0.8372243223574094,0.16277567764259057
1275,0.1835608745879027,0.8164391254120974
1276,0.24066940880528973,0.7593305911947102
1277,0.7335943359253089,0.26640566407469113
1278,0.9780212646097841,0.021978735390215887
1279,0.03749917465964557,0.9625008253403545
1280,0.2701781316685051,0.7298218683314949
1281,0.35639947690621915,0.6436005230937809
1282,0.24377560507480509,0.7562243949251949
1283,0.9574385244315143,0.0425614755684856
1284,0.8298768881566589,0.17012311184334114
1285,0.7025342370097922,0.2974657629902077
1286,0.29892147202946245,0.7010785279705375
1287,0.8195632092499228,0.1804367907500772
1288,0.961149013918337,0.03885098608166305
1289,0.4246241633694125,0.5753758366305874
1290,0.25054457387065593,0.7494554261293441
1291,0.22924239438783872,0.7707576056121613
1292,0.05889558305337992,0.94110441694662
1293,0.5875835963168718,0.41241640368312815
1294,0.6292248848050979,0.37077511519490214
1295,0.2843610594516448,0.7156389405483551
1296,0.8789690086613059,0.12103099133869405
1297,0.7772581401330413,0.2227418598669587
1298,0.6728423747059626,0.32715762529403736
1299,0.32991776880754276,0.6700822311924574
1300,0.27531683176646116,0.7246831682335387
1301,0.23148037547993483,0.7685196245200652
1302,0.14523294635679013,0.8547670536432098
1303,0.24866406867011295,0.7513359313298871
1304,0.5253305458951463,0.4746694541048536
1305,0.4726926990206323,0.5273073009793676
1306,0.9907027787166559,0.009297221283344032
1307,0.8798187605280386,0.12018123947196138
1308,0.1684915304937946,0.8315084695062054
1309,0.23288088312571883,0.7671191168742812
1310,0.40914839023949906,0.590851609760501
1311,0.3019205538372797,0.6980794461627203
1312,0.8754224329550436,0.12457756704495646
1313,0.8239179688421684,0.1760820311578316
1314,0.3807233753414584,0.6192766246585416
1315,0.3533379179652444,0.6466620820347557
1316,0.5404831871702198,0.4595168128297801
1317,0.5618626550926867,0.4381373449073133
1318,0.9336592992966747,0.06634070070332532
1319,0.4185985831044818,0.5814014168955183
1320,0.9224298756571477,0.07757012434285229
1321,0.4183635025082253,0.5816364974917747
1322,0.13738254327824714,0.8626174567217528
1323,0.42390627089830074,0.5760937291016993
1324,0.3320929760704461,0.6679070239295539
1325,0.08627450982026998,0.91372549017973
1326,0.5913963934195104,0.4086036065804894
1327,0.29242198062214125,0.7075780193778588
1328,0.9117639886037816,0.08823601139621844
1329,0.9803416124406372,0.01965838755936286
1330,0.28610684159188754,0.7138931584081124
1331,0.3197273657324123,0.6802726342675877
1332,0.20306354269528176,0.7969364573047182
1333,0.21060940370711628,0.7893905962928838
1334,0.12276057995349222,0.8772394200465077
1335,0.9885595097068196,0.011440490293180361
1336,0.212205019249946,0.787794980750054
1337,0.945479323268349,0.054520676731650945
1338,0.3037647611987668,0.6962352388012332
1339,0.17204581686682008,0.8279541831331799
1340,0.16458602480648235,0.8354139751935177
1341,0.9852696011068739,0.014730398893126186
1342,0.11783819883634597,0.8821618011636541
1343,0.43614484491583966,0.5638551550841604
1344,0.2909290848703952,0.7090709151296047
1345,0.1420193781305999,0.8579806218694
1346,0.5310948197827029,0.4689051802172971
1347,0.1489447016123605,0.8510552983876395
1348,0.13674514764654844,0.8632548523534517
1349,0.28530746620558406,0.714692533794416
1350,0.3123211405121257,0.6876788594878743
1351,0.8664557318629856,0.1335442681370145
1352,0.9716438668071338,0.028356133192866208
1353,0.7806139907360281,0.21938600926397187
1354,0.3902072826241967,0.6097927173758033
1355,0.06720931346333148,0.9327906865366685
1356,0.9693223546782731,0.030677645321726895
1357,0.24905343978782027,0.7509465602121796
1358,0.31585340869824036,0.6841465913017596
1359,0.97820138226413,0.02179861773587005
1360,0.12408763457833742,0.8759123654216625
1361,0.42218186327220214,0.5778181367277978
1362,0.11061091819671469,0.8893890818032852
1363,0.7826985383996344,0.21730146160036554
1364,0.7027366987661524,0.29726330123384764
1365,0.9952162866943753,0.004783713305624758
1366,0.4044006777009827,0.5955993222990174
1367,0.3987723369303081,0.6012276630696918
1368,0.3618626089816193,0.6381373910183806
1369,0.7754444093374063,0.22455559066259367
1370,0.4760660553997308,0.5239339446002692
1371,0.9521214954040021,0.047878504595997844
1372,0.29939572905481826,0.7006042709451816
1373,0.09550838411866476,0.9044916158813352
1374,0.368336707795537,0.631663292204463
1375,0.28591937717441596,0.7140806228255839
1376,0.954400950731002,0.04559904926899808
1377,0.22665276068543416,0.7733472393145657
1378,0.9945170992657671,0.005482900734232923
1379,0.1157809277051713,0.8842190722948288
1380,0.9756303911485633,0.02436960885143665
1381,0.9073201261528716,0.09267987384712839
1382,0.9628735342291608,0.0371264657708392
1383,0.23638353856486594,0.7636164614351342
1384,0.9571779023309531,0.042822097669046766
1385,0.9304766943536857,0.06952330564631437
1386,0.19613029323600975,0.8038697067639903
1387,0.21617152919340327,0.7838284708065967
1388,0.6857663166927648,0.3142336833072353
1389,0.4875016041405792,0.5124983958594207
1390,0.3777199933773111,0.6222800066226889
1391,0.41646961944722777,0.5835303805527723
1392,0.9699336773863115,0.030066322613688457
1393,0.19017491900054834,0.8098250809994517
1394,0.4594226854138359,0.5405773145861641
1395,0.9915755420597737,0.00842445794022638
1396,0.1537633911747814,0.8462366088252186
1397,0.07962500599444913,0.9203749940055508
1398,0.08226061627662648,0.9177393837233735
1399,0.9634061893331407,0.036593810666859225
1400,0.4517523424390746,0.5482476575609253
1401,0.2190642182391677,0.7809357817608322
1402,0.7555531080510428,0.24444689194895716
1403,0.42435103834988125,0.5756489616501187
1404,0.35567726068910865,0.6443227393108913
1405,0.4067956433502744,0.5932043566497256
1406,0.9974404500358858,0.0025595499641142597
1407,0.9988669607801385,0.0011330392198615135
1408,0.2833334900186095,0.7166665099813904
1409,0.16202712116238654,0.8379728788376134
1410,0.9899147912526951,0.010085208747304893
1411,0.18956978822469142,0.8104302117753086
1412,0.26529122721653386,0.7347087727834661
1413,0.3291488939893367,0.6708511060106633
1414,0.38782333390517576,0.6121766660948241
1415,0.625221780677298,0.3747782193227021
1416,0.17790269799023387,0.8220973020097662
1417,0.9664874396993375,0.03351256030066236
1418,0.9166133108619144,0.0833866891380855
1419,0.96622670207949,0.0337732979205099
1420,0.08743600979958206,0.912563990200418
1421,0.3336954717091328,0.6663045282908672
1422,0.9655224844135719,0.03447751558642805
1423,0.6509312191738287,0.34906878082617127
1424,0.3467510975098769,0.6532489024901231
1425,0.3467223306935095,0.6532776693064904
1426,0.9187680459766152,0.08123195402338478
1427,0.9809965052377038,0.019003494762296215
1428,0.9325521897390477,0.06744781026095234
1429,0.28527259936889054,0.7147274006311095
1430,0.07991135947355217,0.9200886405264479
1431,0.973686954315224,0.026313045684775927
1432,0.3577433868300401,0.6422566131699599
1433,0.9419716229781538,0.05802837702184606
1434,0.30012241494801195,0.699877585051988
1435,0.12384155300148542,0.8761584469985145
1436,0.40906716606876226,0.5909328339312376
1437,0.16010137388155962,0.8398986261184404
1438,0.7291321642729552,0.27086783572704476
1439,0.34526191104835163,0.6547380889516483
1440,0.9965630672663824,0.003436932733617617
1441,0.8748900203766167,0.12510997962338324
1442,0.9865835440536694,0.013416455946330518
1443,0.18348984862589232,0.8165101513741077
1444,0.9719948749272578,0.028005125072742183
1445,0.9758428698826012,0.024157130117398742
1446,0.3733530072246345,0.6266469927753655
1447,0.8035511894542517,0.19644881054574825
1448,0.6568008587077032,0.3431991412922969
1449,0.4226163882452012,0.5773836117547988
1450,0.9782800120570571,0.021719987942943032
1451,0.13393504127677028,0.8660649587232297
1452,0.9275588006459256,0.07244119935407452
1453,0.3451186055294823,0.6548813944705175
1454,0.7717452185128872,0.2282547814871127
1455,0.3355543820339001,0.6644456179660999
1456,0.9677431722456924,0.0322568277543076
1457,0.3459146000427142,0.6540853999572859
1458,0.9708569875549223,0.02914301244507768
1459,0.4998252500071153,0.5001747499928847
1460,0.8864086786460668,0.11359132135393325
1461,0.426617305786937,0.573382694213063
1462,0.9645791068680055,0.0354208931319946
1463,0.05800372978607627,0.9419962702139237
1464,0.17379607449312737,0.8262039255068725
1465,0.22339384639845863,0.7766061536015413
1466,0.9572085921063835,0.042791407893616615
1467,0.96665977590174,0.033340224098260034
1468,0.9685122942230204,0.03148770577697964
1469,0.22933640717721965,0.7706635928227804
1470,0.15632475942333324,0.8436752405766668
1471,0.3316745585207601,0.6683254414792399
1472,0.9852785096885771,0.014721490311422952
1473,0.1591803973459463,0.8408196026540536
1474,0.46909320462223514,0.5309067953777649
1475,0.21708587552047534,0.7829141244795247
1476,0.9944825074502766,0.005517492549723434
1477,0.3703699625248784,0.6296300374751216
1478,0.4611025061708584,0.5388974938291416
1479,0.23885231027055362,0.7611476897294464
1480,0.5561111521998103,0.44388884780018967
1481,0.22101624265699574,0.7789837573430044
1482,0.18785446708942788,0.8121455329105722
1483,0.4229014197302056,0.5770985802697943
1484,0.12921290942002475,0.8707870905799752
1485,0.43762832442009564,0.5623716755799044
1486,0.30850006565361787,0.6914999343463821
1487,0.1750396218252478,0.8249603781747523
1488,0.4369154737086522,0.5630845262913478
1489,0.3257134855417612,0.6742865144582387
1490,0.9729059692133675,0.027094030786632382
1491,0.1614189605841114,0.8385810394158886
1492,0.6568256537639887,0.34317434623601134
1493,0.12918230790060087,0.8708176920993992
1494,0.6301592365668386,0.3698407634331614
1495,0.9962052621797893,0.003794737820210641
1496,0.4680418763512209,0.531958123648779
1497,0.9682667318585676,0.03173326814143235
1498,0.9914086506179642,0.008591349382035832
1499,0.11344550562795751,0.8865544943720426
1500,0.27129998122109494,0.7287000187789051
1501,0.22263523128051718,0.7773647687194828
1502,0.2501253250589354,0.7498746749410645
1503,0.4459201277183124,0.5540798722816876
1504,0.8323910842034331,0.16760891579656695
1505,0.2727104637310473,0.7272895362689528
1506,0.9811335245569436,0.01886647544305648
1507,0.5956559233080179,0.404344076691982
1508,0.17427158620054722,0.8257284137994527
1509,0.2536879200659948,0.7463120799340052
1510,0.12579525338124978,0.8742047466187503
1511,0.28371356105356643,0.7162864389464335
1512,0.19583200846596444,0.8041679915340355
1513,0.12884879230630414,0.8711512076936959
1514,0.9328768996784034,0.06712310032159668
1515,0.24934437841601215,0.7506556215839878
1516,0.2409986910166802,0.7590013089833199
1517,0.46890667441624895,0.531093325583751
1518,0.2004409016891135,0.7995590983108865
1519,0.3715784935361692,0.6284215064638308
1520,0.41471290545698175,0.5852870945430182
1521,0.2733420361566749,0.726657963843325
1522,0.31655503950283603,0.6834449604971639
1523,0.49945000022183317,0.5005499997781667
1524,0.1539634923862435,0.8460365076137565
1525,0.3572493178691857,0.6427506821308143
1526,0.32632939268769695,0.673670607312303
1527,0.06858059765495257,0.9314194023450475
1528,0.5779357134861337,0.42206428651386635
1529,0.17590655660401977,0.8240934433959802
1530,0.37351375209460297,0.626486247905397
1531,0.9073986366329249,0.09260136336707514
1532,0.9067312509298362,0.09326874907016366
1533,0.2898729858485891,0.7101270141514109
1534,0.28116119231482567,0.7188388076851744
1535,0.1456292779482638,0.8543707220517361
1536,0.41367150779097644,0.5863284922090236
1537,0.8126250316557333,0.18737496834426673
1538,0.9813711998703437,0.01862880012965626
1539,0.9610585089369665,0.03894149106303338
1540,0.2285788915584608,0.7714211084415391
1541,0.2683427667466783,0.7316572332533217
1542,0.24588239094495906,0.754117609055041
1543,0.22461776132012062,0.7753822386798793
1544,0.03944738503080797,0.9605526149691921
1545,0.9972703867471412,0.0027296132528587956
1546,0.2222298218080649,0.7777701781919351
1547,0.986717756899556,0.013282243100443916
1548,0.3642414224395416,0.6357585775604584
1549,0.41563726277476765,0.5843627372252324
1550,0.11901049822570839,0.8809895017742917
1551,0.29174955936667263,0.7082504406333274
1552,0.16463470468875172,0.8353652953112483
1553,0.09697290052673212,0.903027099473268
1554,0.30677352027590093,0.693226479724099
1555,0.12472541581833164,0.8752745841816684
1556,0.991605786198347,0.008394213801652882
1557,0.12447944800690797,0.875520551993092
1558,0.18859292714103484,0.8114070728589651
1559,0.9928644938081435,0.007135506191856699
1560,0.3305198052351834,0.6694801947648166
1561,0.7613080020557723,0.2386919979442276
1562,0.12410459119606822,0.8758954088039319
1563,0.5078513545883951,0.4921486454116049
1564,0.253721433000571,0.7462785669994291
1565,0.1271105206262436,0.8728894793737565
1566,0.16081035047049835,0.8391896495295016
1567,0.307495134430246,0.6925048655697539
1568,0.45385121860862304,0.5461487813913769
1569,0.946542048332726,0.05345795166727405
1570,0.18752956696078849,0.8124704330392115
1571,0.23852649213992977,0.7614735078600703
1572,0.9946494286901204,0.005350571309879652
1573,0.03992820889963883,0.9600717911003612
1574,0.5109312578973926,0.48906874210260737
1575,0.8468597592922882,0.15314024070771176
1576,0.9801355465649424,0.019864453435057557
1577,0.23504626280029126,0.7649537371997087
1578,0.8830927139330335,0.11690728606696663
1579,0.16846981577875283,0.8315301842212472
1580,0.5891663055644223,0.4108336944355776
1581,0.4964310606135233,0.5035689393864766
1582,0.21811776691408274,0.7818822330859173
1583,0.27568589279298944,0.7243141072070106
1584,0.17594323536162923,0.8240567646383709
1585,0.24527896415905773,0.7547210358409423
1586,0.9707046371831686,0.02929536281683151
1587,0.208231600495676,0.791768399504324
1588,0.9272461338981351,0.07275386610186489
1589,0.8905797810134862,0.10942021898651372
1590,0.2388454018675131,0.7611545981324869
1591,0.8569967783076703,0.1430032216923298
1592,0.11098697841545474,0.8890130215845453
1593,0.4099067210835203,0.5900932789164798
1594,0.39698633469408134,0.6030136653059186
1595,0.47781482607765374,0.5221851739223463
1596,0.8690514691717324,0.13094853082826755
1597,0.6344076931322702,0.36559230686772987
1598,0.11899466723955564,0.8810053327604442
1599,0.2880769905626223,0.7119230094373777
1600,0.10229332048585384,0.8977066795141461
1601,0.9771949462364927,0.022805053763507378
1602,0.4097819151565193,0.5902180848434807
1603,0.4333868619303826,0.5666131380696173
1604,0.26746253223517064,0.7325374677648293
1605,0.21002777545440413,0.7899722245455958
1606,0.11526748218024133,0.8847325178197587
1607,0.8686419255647215,0.13135807443527842
1608,0.989865744465658,0.010134255534341975
1609,0.37775031499596334,0.6222496850040365
1610,0.48557750199998073,0.5144224980000193
1611,0.7841294163078775,0.21587058369212256
1612,0.303335604090074,0.6966643959099261
1613,0.30041383358637225,0.6995861664136278
1614,0.3225739463352577,0.6774260536647423
1615,0.84688102696484,0.15311897303516003
1616,0.9250766494451075,0.07492335055489252
1617,0.9853758230495065,0.014624176950493523
1618,0.7520202197569632,0.2479797802430369
1619,0.2029006298809202,0.7970993701190798
1620,0.06778004247058923,0.9322199575294109
1621,0.49916500077624293,0.5008349992237571
1622,0.6006070201607403,0.39939297983925964
1623,0.2352192740204915,0.7647807259795085
1624,0.9284113926822227,0.07158860731777728
1625,0.18702972276826169,0.8129702772317384
1626,0.4307877200865454,0.5692122799134547
1627,0.2119638872782531,0.7880361127217468
1628,0.5566326874721091,0.44336731252789074
1629,0.24214267936486375,0.7578573206351363
1630,0.4942730004692223,0.5057269995307777
1631,0.29008031726635136,0.7099196827336487
1632,0.4252827350640331,0.5747172649359669
1633,0.9251469685894068,0.07485303141059323
1634,0.5743012138314828,0.42569878616851703
1635,0.2251853497550156,0.7748146502449844
1636,0.9201499393420539,0.07985006065794596
1637,0.053469692129691375,0.9465303078703087
1638,0.48507468548879373,0.5149253145112064
1639,0.4491397650151275,0.5508602349848724
1640,0.9259889571858039,0.0740110428141962
1641,0.46402651414780816,0.5359734858521918
1642,0.11501847514757708,0.884981524852423
1643,0.9732740059443755,0.026725994055624498
1644,0.45731093230523523,0.5426890676947648
1645,0.46476723914850543,0.5352327608514945
1646,0.4590141712970094,0.5409858287029906
1647,0.5572288568682192,0.44277114313178073
1648,0.2737279379148222,0.7262720620851778
1649,0.221667896716584,0.778332103283416
1650,0.43108616534475175,0.5689138346552483
1651,0.2181581881646601,0.7818418118353399
1652,0.870039719946719,0.12996028005328103
1653,0.4376984669520838,0.5623015330479163
1654,0.4943474908218396,0.5056525091781604
1655,0.9330690053013183,0.06693099469868166
1656,0.9835317559083162,0.016468244091683775
1657,0.6460284499112694,0.35397155008873066
1658,0.5141659578473958,0.4858340421526042
1659,0.11517461014696033,0.8848253898530396
1660,0.07949048561686646,0.9205095143831334
1661,0.9914682717688328,0.008531728231167204
1662,0.9981307873168801,0.001869212683119841
1663,0.7998261255707919,0.20017387442920814
1664,0.31054363228957865,0.6894563677104213
1665,0.5226587196790528,0.4773412803209472
1666,0.9922654472601297,0.007734552739870187
1667,0.11388324123235663,0.8861167587676435
1668,0.9160992378800029,0.08390076211999717
1669,0.21618627095914042,0.7838137290408597
1670,0.3772610551607681,0.6227389448392319
1671,0.5794032114015412,0.4205967885984587
1672,0.12954993372658505,0.870450066273415
1673,0.282197556951859,0.7178024430481411
1674,0.46103417298136845,0.5389658270186316
1675,0.3171979427052017,0.6828020572947984
1676,0.9192565202162845,0.08074347978371563
1677,0.1512505882031466,0.8487494117968534
1678,0.16058794174003316,0.8394120582599669
1679,0.2546192252493487,0.7453807747506513
1680,0.8095827076842403,0.19041729231575957
1681,0.14921642613471056,0.8507835738652894
1682,0.962193880926197,0.03780611907380304
1683,0.9604247229504399,0.03957527704956007
1684,0.10528832276140092,0.894711677238599
1685,0.12633763775757634,0.8736623622424237
1686,0.8238979473005981,0.17610205269940202
1687,0.17226814641129629,0.8277318535887038
1688,0.2553591568421311,0.7446408431578689
1689,0.2596541285977245,0.7403458714022755
1690,0.06178004495589416,0.9382199550441057
1691,0.6502415190984512,0.3497584809015489
1692,0.13529123631800774,0.8647087636819921
1693,0.22452581577056402,0.775474184229436
1694,0.25646798172375995,0.7435320182762399
1695,0.4413534389075718,0.5586465610924283
1696,0.5444252890829877,0.4555747109170124
1697,0.7259600326755385,0.27403996732446145
1698,0.3392585752203267,0.6607414247796731
1699,0.05022954164590627,0.9497704583540937
1700,0.19327777487433206,0.8067222251256679
1701,0.26293814545586924,0.7370618545441306
1702,0.23319276809685532,0.7668072319031448
1703,0.9678825732792478,0.03211742672075219
1704,0.8934017240352553,0.10659827596474479
1705,0.6541403785170201,0.34585962148298
1706,0.9458551204910972,0.0541448795089028
1707,0.399401135726892,0.6005988642731079
1708,0.4068301515616986,0.5931698484383013
1709,0.4339340565883701,0.5660659434116299
1710,0.35922326169774205,0.6407767383022579
1711,0.9816890613793238,0.01831093862067621
1712,0.256233881794816,0.7437661182051839
1713,0.9956757847136655,0.004324215286334563
1714,0.12729559500496984,0.8727044049950301
1715,0.9809689508986343,0.01903104910136559
1716,0.49950975015710547,0.5004902498428945
1717,0.1834080603191869,0.8165919396808131
1718,0.11660307216789559,0.8833969278321044
1719,0.9852093364147811,0.014790663585218928
1720,0.3665904329275433,0.6334095670724568
1721,0.06787646451726792,0.9321235354827321
1722,0.9413082228638925,0.05869177713610749
1723,0.2710805940420305,0.7289194059579696
1724,0.3068917738986138,0.6931082261013862
1725,0.9695869687706181,0.03041303122938177
1726,0.9735449002669461,0.02645509973305398
1727,0.4591944570911227,0.5408055429088774
1728,0.9940600860096451,0.005939913990354859
1729,0.2841612649256103,0.7158387350743898
1730,0.2538407400342521,0.7461592599657478
1731,0.9292185497773051,0.07078145022269502
1732,0.6890809147951296,0.31091908520487044
1733,0.28372229960241846,0.7162777003975815
1734,0.9813482423855027,0.018651757614497333
1735,0.991813762827643,0.008186237172357034
1736,0.35226452741161063,0.6477354725883895
1737,0.9914604775596404,0.008539522440359708
1738,0.49480443700995136,0.5051955629900486
1739,0.03465334523544752,0.9653466547645525
1740,0.31259526112076413,0.6874047388792357
1741,0.47914385861113046,0.5208561413888695
1742,0.9764316490166052,0.023568350983394774
1743,0.4874333970190323,0.5125666029809678
1744,0.40329561361186683,0.5967043863881333
1745,0.24848419468969624,0.7515158053103037
1746,0.9074049384166869,0.09259506158331317
1747,0.31506477913057596,0.6849352208694239
1748,0.8413505036743538,0.15864949632564615
1749,0.8921826226358968,0.10781737736410327
1750,0.3685261172137018,0.6314738827862982
1751,0.849745580457989,0.150254419542011
1752,0.5683030554642445,0.4316969445357554
1753,0.3667636727689614,0.6332363272310387
1754,0.4772315073208712,0.5227684926791288
1755,0.3591019648329386,0.6408980351670615
1756,0.20045516559623988,0.7995448344037602
1757,0.5184978039023709,0.4815021960976292
1758,0.24757122920882169,0.7524287707911784
1759,0.1790006324553416,0.8209993675446585
1760,0.39077397887668264,0.6092260211233174
1761,0.2220767199540138,0.7779232800459862
1762,0.3379359327808671,0.6620640672191329
1763,0.22916289343209864,0.7708371065679013
1764,0.8380398044313263,0.16196019556867372
1765,0.4382818537087549,0.5617181462912451
1766,0.1802347279725477,0.8197652720274523
1767,0.23500688899085426,0.7649931110091458
1768,0.22127201814920694,0.778727981850793
1769,0.6529294476837713,0.3470705523162288
1770,0.9402950624935879,0.05970493750641211
1771,0.2780419566492692,0.7219580433507308
1772,0.4075292006130387,0.5924707993869613
1773,0.3198961707175463,0.6801038292824537
1774,0.2025628199574628,0.7974371800425373
1775,0.9581465295318476,0.04185347046815239
1776,0.8640166984441293,0.13598330155587074
1777,0.473621015405836,0.5263789845941641
1778,0.9945074720630097,0.005492527936990185
1779,0.7227209927719301,0.27727900722806975
1780,0.09949269969105283,0.9005073003089471
1781,0.10392701427338942,0.8960729857266105
1782,0.5756059682845168,0.4243940317154832
1783,0.9706683865272248,0.02933161347277529
1784,0.3690938899506288,0.6309061100493712
1785,0.7962953485273626,0.20370465147263733
1786,0.22711162439250926,0.7728883756074907
1787,0.13379926765502634,0.8662007323449737
1788,0.8253291599879604,0.1746708400120396
1789,0.821778099389852,0.17822190061014803
1790,0.20248093602753495,0.797519063972465
1791,0.23428494884843806,0.7657150511515619
1792,0.494283999028857,0.5057160009711431
1793,0.3185184015979412,0.6814815984020588
1794,0.5593819221138452,0.44061807788615476
1795,0.15761338069113875,0.8423866193088613
1796,0.1795638844898195,0.8204361155101806
1797,0.2848305633586163,0.7151694366413837
1798,0.13964339089334696,0.8603566091066529
1799,0.7815220038435773,0.21847799615642272
1800,0.952949570899113,0.04705042910088685
1801,0.36087647968027764,0.6391235203197224
1802,0.1422797264947714,0.8577202735052286
1803,0.09674318716915929,0.9032568128308407
1804,0.9182327423344008,0.08176725766559913
1805,0.3635692097835953,0.6364307902164047
1806,0.6052146526233784,0.3947853473766216
1807,0.598026042944424,0.40197395705557604
1808,0.3871613871041269,0.612838612895873
1809,0.24241621371545172,0.7575837862845483
1810,0.2641407031592294,0.7358592968407707
1811,0.1769106439056391,0.823089356094361
1812,0.33426824939558003,0.66573175060442
1813,0.4053929315764135,0.5946070684235866
1814,0.3336389990227359,0.6663610009772641
1815,0.38815766894138626,0.6118423310586137
1816,0.42500143493958015,0.57499856506042
1817,0.27963275328273207,0.7203672467172679
1818,0.13420263875964114,0.8657973612403589
1819,0.862381098384523,0.13761890161547694
1820,0.3209108622613056,0.6790891377386944
1821,0.24947261308394242,0.7505273869160577
1822,0.17093573586288496,0.8290642641371151
1823,0.8844338878691967,0.11556611213080317
1824,0.9642170533849931,0.03578294661500696
1825,0.18481993510870645,0.8151800648912937
1826,0.07752698887275941,0.9224730111272407
1827,0.38030968027927375,0.6196903197207263
1828,0.9893016101388149,0.010698389861185058
1829,0.14246006922272814,0.857539930777272
1830,0.5314307513088031,0.4685692486911968
1831,0.8048463197450548,0.1951536802549452
1832,0.33723689113883687,0.6627631088611632
1833,0.23968905656897363,0.7603109434310265
1834,0.3476955863453953,0.6523044136546047
1835,0.2106301860942148,0.7893698139057851
1836,0.1311425697316659,0.8688574302683342
1837,0.25903887770067796,0.740961122299322
1838,0.9029148654544603,0.09708513454553964
1839,0.9661602315693988,0.03383976843060119
1840,0.160084565980209,0.8399154340197909
1841,0.2588157166752237,0.7411842833247763
1842,0.13996869491395358,0.8600313050860464
1843,0.93264182784143,0.06735817215856994
1844,0.9866143104336175,0.013385689566382605
1845,0.8986706032769644,0.10132939672303566
1846,0.1922602487723827,0.8077397512276172
1847,0.769886777093977,0.230113222906023
1848,0.16974338938258332,0.8302566106174166
1849,0.6209915560235579,0.3790084439764421
1850,0.19848820665321826,0.8015117933467818
1851,0.2734401684691682,0.7265598315308318
1852,0.11711123593851161,0.8828887640614884
1853,0.8222522776107193,0.17774772238928066
1854,0.6016241479918317,0.3983758520081684
1855,0.3214027042633717,0.6785972957366284
1856,0.6209651952295113,0.3790348047704886
1857,0.20558621200006236,0.7944137879999377
1858,0.27016472350825055,0.7298352764917494
1859,0.0635654826087427,0.9364345173912573
1860,0.6195444265696689,0.38045557343033104
1861,0.24481757522514053,0.7551824247748594
1862,0.9018739598582454,0.09812604014175469
1863,0.9826854688757756,0.01731453112422443
1864,0.2533429258282745,0.7466570741717254
1865,0.20218042235203604,0.7978195776479641
1866,0.5908010838904345,0.4091989161095655
1867,0.17297326173955963,0.8270267382604404
1868,0.3218048003413934,0.6781951996586066
1869,0.3914810365194324,0.6085189634805676
1870,0.12428950380558489,0.8757104961944151
1871,0.4611531979178607,0.5388468020821392
1872,0.23060290665263633,0.7693970933473637
1873,0.19179044987543145,0.8082095501245684
1874,0.9590663580097655,0.04093364199023445
1875,0.11219676260950529,0.8878032373904948
1876,0.6288253853295053,0.37117461467049473
1877,0.9694290773154198,0.030570922684580216
1878,0.4143338178493485,0.5856661821506516
1879,0.30375460969129825,0.6962453903087018
1880,0.26265471195362744,0.7373452880463727
1881,0.370561670097537,0.6294383299024631
1882,0.9326611741463418,0.06733882585365825
1883,0.7795058449540959,0.22049415504590394
1884,0.18847221957917248,0.8115277804208275
1885,0.9962437019608712,0.003756298039128867
1886,0.18251323829690588,0.8174867617030941
1887,0.9299911234788254,0.0700088765211747
1888,0.19397648134807655,0.8060235186519236
1889,0.4983982554792504,0.5016017445207496
1890,0.45466410756898185,0.5453358924310182
1891,0.28471955872670535,0.7152804412732947
1892,0.22895292747702023,0.7710470725229798
1893,0.9557239408039236,0.04427605919607635
1894,0.27718423020932803,0.722815769790672
1895,0.9909203363950849,0.00907966360491498
1896,0.2428673609859687,0.7571326390140313
1897,0.12275142656130768,0.8772485734386924
1898,0.2768199356106221,0.7231800643893779
1899,0.1424862145754525,0.8575137854245476
1900,0.7249841380016946,0.27501586199830536
1901,0.288527574724928,0.711472425275072
1902,0.9049032295628904,0.09509677043710969
1903,0.3844581491587473,0.6155418508412527
1904,0.3823614618973222,0.6176385381026779
1905,0.3507345448542992,0.6492654551457008
1906,0.12409404742428284,0.8759059525757171
1907,0.563420069114001,0.43657993088599906
1908,0.9993252551729536,0.0006747448270465063
1909,0.9373255034756557,0.06267449652434433
1910,0.6090026889020327,0.39099731109796737
1911,0.14672397347073787,0.8532760265292622
1912,0.1470615727246353,0.8529384272753647
1913,0.29411946104559533,0.7058805389544047
1914,0.9738409555108108,0.02615904448918901
1915,0.9842131162144514,0.01578688378554852
1916,0.38205143020724597,0.6179485697927541
1917,0.8822807745404517,0.11771922545954822
1918,0.12875947026230225,0.8712405297376978
1919,0.2694537067847951,0.7305462932152049
1920,0.21026264307813833,0.7897373569218618
1921,0.31242144999557286,0.6875785500044271
1922,0.986266560971894,0.013733439028106073
1923,0.36514780295995536,0.6348521970400447
1924,0.9492196134987304,0.05078038650126958
1925,0.9727870702224645,0.027212929777535592
1926,0.9791118730551207,0.020888126944879255
1927,0.06756243887600118,0.9324375611239988
1928,0.12531919313772072,0.8746808068622793
1929,0.31312389306452326,0.6868761069354767
1930,0.9741973323700759,0.025802667629924166
1931,0.21230801672047458,0.7876919832795255
1932,0.3804357740622363,0.6195642259377637
1933,0.910446750596337,0.0895532494036631
1934,0.2918929825265233,0.7081070174734767
1935,0.28661242267252857,0.7133875773274715
1936,0.479788769023185,0.5202112309768151
1937,0.5318321384029471,0.46816786159705287
1938,0.20166232811848497,0.7983376718815149
1939,0.3572495474914612,0.6427504525085388
1940,0.2423899526480041,0.7576100473519959
1941,0.841313392759184,0.15868660724081607
1942,0.4169516130926348,0.5830483869073652
1943,0.7385635658059869,0.261436434194013
1944,0.9612186706689229,0.03878132933107703
1945,0.5800729826948804,0.4199270173051196
1946,0.17738277895076798,0.822617221049232
1947,0.8864690776408773,0.11353092235912252
1948,0.9944431028560579,0.005556897143942108
1949,0.29140522384980827,0.7085947761501916
1950,0.24445852777065308,0.7555414722293469
1951,0.18545717682300297,0.814542823176997
1952,0.047005478329888016,0.9529945216701121
1953,0.8127506183692365,0.18724938163076352
1954,0.4272940477534147,0.5727059522465855
1955,0.4682520200113924,0.5317479799886077
1956,0.5435034718871755,0.45649652811282443
1957,0.6976375003787044,0.3023624996212957
1958,0.36029522869770375,0.6397047713022963
1959,0.6518243431969054,0.3481756568030945
1960,0.29360670993249044,0.7063932900675096
1961,0.39123450276962796,0.608765497230372
1962,0.2972382341040042,0.7027617658959958
1963,0.27584387021148893,0.7241561297885112
1964,0.9509015001138509,0.049098499886149075
1965,0.41433284720446,0.5856671527955399
1966,0.2087101315420413,0.7912898684579587
1967,0.3212079693497564,0.6787920306502436
1968,0.5662629324671077,0.43373706753289243
1969,0.41776842304244494,0.5822315769575551
1970,0.38156520696096313,0.6184347930390368
1971,0.997315741806648,0.0026842581933520736
1972,0.9840025003515417,0.01599749964845831
1973,0.9942600255016889,0.005739974498311151
1974,0.9899385242924366,0.010061475707563492
1975,0.8325511876526597,0.16744881234734027
1976,0.1474236940692335,0.8525763059307665
1977,0.11600398610180218,0.8839960138981979
1978,0.7902140279601441,0.20978597203985588
1979,0.9146685754475689,0.08533142455243112
1980,0.26585392837064,0.7341460716293602
1981,0.15097440678846138,0.8490255932115386
1982,0.45852179259544656,0.5414782074045535
1983,0.2836261845053876,0.7163738154946123
1984,0.2589108758070854,0.7410891241929146
1985,0.588678730739002,0.41132126926099793
1986,0.20185575195455852,0.7981442480454416
1987,0.36088685875432885,0.6391131412456711
1988,0.25573793156856695,0.7442620684314332
1989,0.17499876017032256,0.8250012398296774
1990,0.1879667808496064,0.8120332191503936
1991,0.31374644789240075,0.6862535521075994
1992,0.9868083136464022,0.013191686353597907
1993,0.15837112232709588,0.8416288776729041
1994,0.27962671017438645,0.7203732898256137
1995,0.7077358677420165,0.2922641322579836
1996,0.24515421659200057,0.7548457834079993
1997,0.10556059600790882,0.8944394039920911
1998,0.07242682126668373,0.9275731787333162
1999,0.37073288871450666,0.6292671112854934
