D00210.001,D00120.001
0.981955,1.266055
4.806931,0.579503
0.264055,2.397555
0.546097,2.899198
3.549499,0.646338
0.300114,1.344396
0.291454,1.837188
4.471560,1.307754
0.402227,1.316461
0.435403,1.962020
1.096825,1.560838
0.966026,1.145941
4.564966,2.226598
0.163581,2.256422
1.745086,2.503158
3.745426,2.963261
4.475307,0.889521
0.117050,1.083010
0.165481,0.625452
0.392291,0.580202
0.082192,0.905520
0.516377,2.113439
6.372095,1.242256
0.438479,3.154065
0.129061,3.774973
0.766125,1.552443
6.461648,0.600915
-0.017044,0.499298
3.326880,1.751587
0.117048,1.318493
3.598422,1.502205
0.425386,1.126543
0.249599,1.937321
0.002420,1.451074
2.948390,2.560137
0.563281,1.839976
1.472938,1.789716
1.237023,1.030851
0.307194,0.453780
2.675751,3.719040
1.665077,0.746804
1.795261,1.797598
2.083858,1.763892
5.217894,0.954983
1.169368,2.093462
1.747908,1.521872
0.401610,2.364361
2.823266,1.107065
0.299449,1.641979
1.464228,0.657302
4.714926,0.296600
2.305745,2.712977
0.010633,0.905694
0.041553,1.520691
1.754589,1.520767
0.453245,1.386180
6.810692,0.747833
4.763691,1.703740
0.985791,1.813167
1.779657,0.039818
1.592455,0.730041
7.168128,2.317903
4.967987,1.693975
3.039237,1.256709
6.937759,1.789326
0.641914,0.375725
4.924770,0.702937
0.440763,0.910768
0.530021,0.961614
3.326980,1.935331
0.326972,1.249825
5.232391,2.844802
0.114267,0.727052
4.068990,1.282473
0.148082,2.208352
1.679429,1.603811
5.421488,1.048788
0.098130,2.052739
0.281132,1.001817
0.147107,1.047046
0.011371,2.095038
0.104380,0.506009
0.413125,0.760681
0.740846,0.055153
4.077767,2.683115
0.615392,1.757149
2.999885,1.500382
0.202489,1.658032
1.973086,1.360152
0.039500,1.720322
2.026807,0.549561
0.136358,0.843091
0.393179,2.306619
1.102077,1.179781
0.077961,2.471257
6.276237,1.933061
0.693215,1.492590
0.712571,1.167151
0.079370,1.338926
-0.081789,1.384173
0.544802,2.625243
0.048609,0.454523
0.039599,2.346104
3.534439,1.541694
2.560553,1.067198
4.150324,2.438052
0.056636,1.185372
0.442411,1.200061
4.816882,1.564736
0.241408,1.309258
0.002258,1.035434
1.356863,0.963429
0.465055,1.207509
0.864961,0.943175
0.446049,1.393043
0.267520,1.072941
0.218896,1.660744
0.167762,0.822090
4.852462,1.344184
6.195172,2.385227
6.144551,1.267861
2.097877,0.687804
3.853375,1.895051
1.541009,2.369860
-0.025675,0.531304
3.472631,0.989822
0.283071,1.499475
1.446203,0.982018
2.421995,1.418257
0.559486,1.640767
3.540428,1.241293
-0.047239,-0.139600
-0.009433,1.137251
5.284736,1.227568
-0.051763,0.540936
0.682678,1.077487
1.601336,0.244058
1.107706,1.001341
1.050417,1.637892
0.871315,1.552648
0.634853,1.696198
0.057183,1.462867
0.175404,0.513832
-0.018971,0.716007
6.142539,1.293078
0.792850,3.504055
-0.132285,0.889178
0.979847,0.426991
-0.017501,1.507483
1.169996,1.787162
1.643654,2.591994
0.626178,0.922586
0.257995,2.282212
1.151779,3.602601
1.064451,1.793761
0.195080,1.372514
0.643477,1.624990
0.295279,0.769049
6.324647,3.199750
3.370218,0.704492
3.589366,2.598514
0.400071,2.137826
0.425865,2.454076
2.165355,1.443832
2.298290,2.383515
0.218781,2.215874
3.414334,1.110585
0.229893,1.306547
2.386451,0.996656
0.198359,1.498914
4.048385,1.183728
0.343330,1.646429
0.346441,1.752328
2.539270,2.218771
0.048495,1.563495
1.323483,2.597800
0.372179,1.152149
6.736347,2.304942
4.629233,0.905641
0.212923,1.169482
1.800789,1.794910
3.736566,1.352583
0.184200,0.575186
5.282150,2.079333
1.139526,1.264648
2.570914,1.935684
0.288199,0.379024
0.433373,1.023862
0.639599,1.114937
0.546963,1.794054
-0.017144,0.558606
0.532376,0.946771
-0.030108,3.058197
0.986205,1.631921
0.548415,2.680376
0.003300,2.351926
2.211773,2.000569
2.571701,2.232120
-0.054390,1.674034
0.331131,1.929728
1.237066,1.239846
4.410509,2.046232
0.776177,0.544888
0.615453,1.601734
0.910285,0.828787
1.145383,2.255594
0.744325,3.405893
0.745164,2.648933
0.345870,1.020166
0.380136,1.127425
0.804880,1.134809
1.145489,2.085946
1.219121,0.894383
6.209266,1.407365
5.390092,1.713634
4.980834,2.436733
-0.042259,2.584253
0.114702,2.704561
4.791929,3.420607
0.695566,1.423989
0.033629,0.334565
1.903199,1.525100
5.010011,1.217799
1.015827,0.517348
0.382192,0.575651
0.661540,2.185704
2.191527,0.682412
5.076758,0.693283
0.398202,0.840380
5.693074,1.213567
0.881899,1.938006
0.143271,1.240562
2.629813,1.148015
1.863254,1.449288
2.787240,0.739172
0.336848,1.931894
0.302091,2.190002
-0.044239,1.571321
1.148787,2.478034
0.469793,1.228029
0.906911,1.116996
4.462980,2.519144
4.593882,3.895519
0.300709,2.222984
0.620782,1.442637
1.840969,1.835293
1.437812,2.096471
0.159884,1.415877
0.350487,1.239079
0.296518,0.913031
0.352756,1.471831
0.038396,1.594477
1.261313,3.151336
-0.065660,1.912252
0.822035,3.148977
0.407147,2.152069
0.084817,1.332482
0.191887,2.170099
-0.048885,1.432937
0.315432,1.967216
0.159246,0.658336
5.056192,2.075280
0.781412,1.874667
1.207147,1.600101
0.695186,1.873844
0.554641,2.589331
2.764726,0.738728
2.178567,1.564536
2.313134,0.872455
0.353638,1.143696
4.046223,2.928943
0.117982,1.873433
0.678504,2.033139
0.002237,1.234744
2.021721,0.219233
0.641448,2.040509
2.131618,2.264684
4.928703,1.134898
1.217469,0.689949
7.176217,0.637944
1.136567,1.086302
0.497562,1.598329
0.717049,1.813691
2.955257,2.253169
0.189140,1.725615
0.108052,0.884046
4.540432,2.838928
0.184491,1.594249
0.460392,1.449615
3.963850,1.860591
0.134173,0.471183
4.962668,2.637593
0.852876,1.761077
0.627720,1.140328
-0.052874,1.247142
1.134778,0.683163
1.310833,2.089157
0.037420,1.543706
0.130079,0.668161
2.377176,1.366547
0.388254,0.278473
-0.034285,0.921491
0.649250,0.495148
0.347203,2.296977
4.024615,2.079664
0.142403,0.552965
0.320412,1.996091
0.800435,1.471788
3.608179,1.090445
4.880268,2.218836
0.534507,0.781780
-0.107672,2.555321
0.720112,1.945787
6.325412,0.756444
4.107195,1.290339
5.268237,1.259342
4.797900,1.627043
1.551682,1.153432
1.062968,2.509017
5.575646,0.423160
8.803360,1.199574
0.165521,1.948773
2.493268,1.484006
0.013727,0.456821
0.350031,2.217140
0.181283,2.300288
2.110758,0.982936
2.517185,1.064876
4.605169,3.192656
0.942335,1.015180
2.131109,1.391713
0.679180,0.945624
2.498321,1.684957
0.216427,1.571683
0.392556,0.554545
0.048139,1.340747
1.427316,2.075352
0.251368,1.672276
5.513149,2.960253
4.249595,2.575648
3.920203,3.184157
-0.046036,1.148085
0.112814,0.169505
0.741264,1.433475
-0.085402,1.831107
1.191833,1.478700
4.177439,0.976133
5.064881,1.520767
5.313385,2.108883
-0.067599,1.053419
0.527339,1.118242
1.188222,1.091055
-0.043053,1.558567
0.289249,1.209067
0.861722,2.946641
0.427348,0.639916
5.864517,2.037347
0.220828,0.998756
0.015330,1.496020
4.924441,2.425916
0.268376,0.821703
0.010580,1.930067
4.402342,0.803916
0.650716,2.666001
0.935022,2.239192
0.020995,0.430692
0.047220,0.997368
5.104370,0.680198
0.744322,0.560400
5.349322,1.433342
0.653342,1.452251
1.774708,1.685978
4.569361,2.591904
0.492389,3.299238
5.141097,2.080312
5.681663,1.222948
2.536588,1.067075
0.783691,1.335232
0.150666,0.768434
3.250105,2.012260
0.286081,1.632586
3.176729,3.416775
-0.070523,1.080402
1.214427,0.345138
-0.012501,1.385804
2.062755,1.260569
1.506359,1.640076
5.064670,1.058527
2.140148,2.194538
7.534954,2.170284
0.846330,1.323584
0.720317,3.288239
0.553485,2.130360
0.166535,1.397585
0.261830,0.758358
1.620342,1.467474
5.322023,1.931530
3.634230,1.865989
0.554365,2.136611
0.078514,0.734095
3.898926,1.766059
1.017638,2.318101
4.947354,2.770515
1.444624,1.395178
1.297406,1.167843
6.408751,1.557465
0.004604,0.141962
1.387434,2.970839
0.305255,0.906063
0.439705,1.723268
4.699342,0.531714
0.320545,0.632060
0.251374,1.821144
0.872404,1.323192
5.931203,1.938726
0.376697,1.021081
0.341471,1.299721
6.027255,0.592687
0.399019,1.986195
1.239580,0.839705
0.936766,0.595918
1.466960,2.187514
2.518631,1.416568
0.452352,0.870296
0.692587,1.228729
3.516070,1.334113
0.142753,1.653624
1.198514,1.064026
-0.010964,1.230513
0.597417,0.861221
0.070271,1.360064
1.082390,2.799607
0.120643,0.198040
1.623085,1.035828
0.037751,0.566657
0.675586,0.166987
4.280947,0.425224
3.012206,1.123957
-0.054397,0.787798
5.339408,1.032837
-0.084444,1.249146
0.156432,0.374658
3.814906,0.672345
0.545326,1.558826
0.567502,1.513512
-0.027301,2.106349
0.099441,0.296846
0.443787,3.179677
0.089633,1.247585
-0.020098,0.262793
1.229333,1.720372
0.309901,1.251967
0.031425,1.987937
4.686955,1.160627
0.310327,1.169773
0.345404,2.090126
0.453215,1.844149
0.976658,1.397499
5.320311,2.422314
0.597826,2.358983
4.759865,2.143009
0.207844,0.765136
0.294352,1.305649
-0.059054,0.463261
-0.108387,0.432098
0.188546,0.725724
0.667138,2.155066
0.496445,2.199269
2.457463,0.808439
0.261648,1.202068
2.115815,3.206512
4.867952,1.517749
6.081502,1.342016
6.061452,1.784973
0.279969,1.099976
0.590755,1.574742
1.680612,1.603758
1.150870,1.754529
0.050975,1.631329
1.056299,2.725477
1.240915,2.018345
0.200243,2.442780
0.647325,1.306705
5.549241,0.668804
0.637795,0.776059
3.991814,1.446241
2.101761,1.973175
6.539174,3.310460
1.498379,2.537332
0.163996,3.078267
-0.081670,1.029756
1.198585,2.050948
1.604789,1.198433
0.227363,0.522595
0.182046,1.459847
2.575244,2.047884
-0.024336,2.572453
0.125103,2.535477
1.008248,1.611591
0.668687,1.413789
0.386867,2.197296
4.941580,1.752032
0.201864,1.085252
2.316551,1.036187
1.599074,1.507122
0.110214,1.382839
6.430002,0.710032
1.084038,1.654404
2.078038,1.618741
1.561711,3.683278
7.306813,1.293715
1.695572,1.325395
1.423473,1.386341
0.168135,0.701701
0.375800,1.213081
-0.002172,0.622855
2.086349,2.013267
3.711478,1.510103
4.558046,3.962743
0.062350,0.617450
7.492260,0.574667
0.050092,0.762800
2.265838,1.484226
4.192415,0.976722
5.294411,0.970383
1.269485,1.233451
3.984813,0.937232
0.130408,2.029706
3.260930,2.355932
4.654086,0.995081
3.885303,1.269019
3.744989,1.581961
0.194731,2.112828
0.554255,0.973255
7.450716,2.867968
1.952780,1.450323
1.482324,1.676222
1.005247,0.451194
2.013945,0.828188
0.177959,2.374111
4.588727,1.441199
-0.058172,1.115316
1.665178,1.863507
2.315375,1.068919
2.388075,1.718090
2.072901,2.558214
0.973661,1.784524
0.265580,1.773874
4.345420,1.867766
0.018615,1.503659
2.278816,1.118244
5.770123,2.018601
0.136407,2.085786
5.476842,3.084555
0.139120,1.039126
0.545497,2.837716
4.457850,1.692434
1.554543,1.235465
0.343477,2.639852
0.125178,2.544770
0.335690,1.952024
0.013167,1.132966
1.835571,3.552158
1.386211,0.162865
0.270103,1.536101
0.770814,2.335536
0.645012,0.315353
0.162863,0.596705
1.411717,1.375270
1.635223,0.412137
-0.045445,1.326240
0.110255,1.569995
2.920866,2.035153
1.326836,2.174816
0.311364,1.297949
0.339705,1.966217
3.944999,3.633099
4.494020,2.419181
1.802109,0.771641
0.567559,1.266213
0.056024,0.693689
6.205539,1.551983
0.690575,1.205428
0.510830,0.863222
0.953356,3.089722
0.563357,1.093044
1.190940,0.932753
1.224836,2.819936
0.141630,2.345854
0.974352,1.881113
0.002461,2.313496
0.622115,1.122237
0.225738,0.862562
0.417553,0.865912
4.922748,1.345073
2.930545,2.419397
0.748019,1.971876
1.451266,2.458138
5.266183,0.349056
0.856795,1.196556
0.325827,1.543169
-0.095570,1.722035
-0.080556,1.165361
2.736321,1.011301
0.528988,1.064543
1.089711,2.158500
4.197191,2.473295
5.658299,1.125898
1.182561,2.025969
0.215162,2.022892
0.330738,1.679033
2.121808,2.804747
0.164380,1.471299
0.066111,1.472634
5.597997,0.783697
0.027110,1.036696
0.708138,2.001273
0.213453,1.256937
0.321166,2.823036
1.072024,1.407227
0.338721,0.972474
0.026553,1.243861
0.429141,1.459850
4.983543,2.643153
0.538460,2.187446
5.042288,1.761681
1.819442,1.688694
0.349252,1.085834
0.429605,1.305881
-0.015468,1.253746
0.014336,0.382961
1.037599,1.222623
5.124824,1.572070
0.234025,1.492508
0.785126,1.622952
3.611145,1.576908
0.035259,1.369170
0.002798,0.962484
0.369535,2.602467
0.157724,3.083665
0.816188,1.364582
0.807346,0.840758
0.542933,0.582206
0.002340,1.260633
0.302129,1.254097
0.223871,1.262980
0.474600,0.656946
0.338218,1.983345
1.143980,0.728332
-0.008297,1.951738
-0.048275,1.332268
4.457208,2.332408
0.203916,1.314850
0.178141,0.872132
1.848378,0.676257
0.243907,1.463574
0.721138,2.198395
6.889299,1.871702
-0.022791,1.579914
0.942343,1.670345
0.444611,0.977159
6.034471,1.687423
0.723059,3.609102
1.594833,1.320233
0.166798,2.075505
0.423718,1.212770
0.446079,0.553510
0.731054,1.131838
1.076426,1.759050
0.212784,1.688403
0.188992,1.627510
0.032018,1.110375
0.309830,1.026195
0.162684,1.087035
0.008577,0.299968
0.554892,1.605509
5.626256,1.740643
4.829752,1.886613
1.175512,1.590100
0.331301,1.049889
4.864418,3.474567
0.142178,0.503409
3.373123,2.417948
0.055549,1.049520
0.371004,1.705721
0.167233,1.428234
0.126695,0.911187
0.435781,1.682003
2.773619,2.475624
4.665610,1.997778
5.074062,0.334050
0.205965,1.162377
0.437804,1.539028
-0.023306,1.449450
2.118983,1.456470
0.444957,1.003567
-0.011354,2.229790
0.158332,0.630082
0.921116,0.415862
0.684446,2.517130
1.325305,0.863331
4.241010,0.392935
0.047580,0.938877
0.094492,0.759718
3.787073,1.271147
0.424761,0.918971
1.940502,0.985239
0.192235,0.757064
0.069114,1.634771
0.048801,0.500357
5.763980,1.347888
0.152792,0.986223
7.930574,2.693882
-0.091421,1.299411
0.283746,3.714258
-0.058191,1.422146
4.304879,0.907901
4.827001,1.323093
0.058561,1.503065
0.758768,0.473621
-0.002086,1.936579
5.974547,2.061184
0.645849,3.829285
0.582385,0.916636
0.823762,1.485432
0.512639,0.778872
0.465375,3.070265
1.432751,1.345353
2.768296,1.069543
5.612367,4.197157
4.272490,1.832343
0.370851,1.927603
3.504428,1.486071
0.000659,1.835135
0.525462,1.313364
0.372150,0.875340
0.383573,1.343863
0.499974,1.513002
5.136163,2.846946
1.635333,1.281445
0.599071,0.981589
0.879394,2.647791
0.193223,0.925571
5.838378,2.143354
2.359517,0.938542
1.084891,1.573874
1.255036,0.446535
4.957411,1.690822
5.165213,1.325975
-0.009348,1.822269
5.824202,1.138821
0.288012,0.817787
0.799273,0.778061
0.672183,1.083798
1.060900,2.794357
0.447927,2.016493
5.005863,3.655167
0.440202,1.897062
-0.022374,1.231438
0.546850,1.369012
5.172805,1.440782
0.270163,1.664651
0.370137,1.220780
0.348070,1.602110
0.102531,2.387641
0.482063,1.615895
4.061228,1.260428
0.419334,0.784008
0.398000,1.591363
0.290329,2.422652
4.161772,1.385093
-0.073483,0.639346
3.373950,2.261234
0.356444,0.834147
0.386176,2.435883
1.200246,1.873828
5.199559,1.137770
1.565416,2.565684
0.393625,1.191738
0.514059,1.565831
5.560859,1.416963
1.191659,0.553821
-0.010825,0.804888
0.560689,0.996011
1.662233,1.783468
0.229912,1.194331
2.178093,1.274670
2.108005,0.682267
1.592427,1.638916
0.080503,1.076171
0.173403,1.197527
0.082819,0.613385
0.139894,1.190391
5.093506,1.868003
2.753178,2.805081
0.191630,1.881431
0.018267,1.144600
0.694027,1.050892
2.866925,2.193279
0.422150,2.511490
1.345929,1.061757
0.921431,1.958395
4.547947,0.778723
6.194457,0.926763
4.250781,1.525128
0.173983,2.122863
0.679423,2.010975
2.975476,2.809496
0.046282,1.313313
4.852176,1.499028
0.986762,1.599551
0.075842,0.776708
1.425295,1.238219
0.289165,1.061053
4.613592,2.012782
0.062177,0.951962
2.105300,2.300451
4.036611,3.360489
4.045374,1.938995
0.455934,2.268986
1.517444,2.408741
0.078663,1.730710
4.859957,3.013773
3.068778,1.781910
0.722380,1.090693
0.580943,1.604345
0.384694,1.025926
1.257541,2.708013
0.235098,1.956961
0.326349,1.734046
2.706491,0.823302
4.089127,1.993901
1.792115,1.584497
0.134998,0.930790
0.595546,0.756486
1.675477,1.514368
0.424575,2.156841
3.268730,1.012187
5.614510,1.216165
0.559894,2.468813
7.079342,0.552139
5.784751,2.627474
1.264559,1.341000
0.236318,3.064415
0.635435,0.917640
0.651742,1.329860
0.207120,1.200986
0.127757,2.216288
3.262216,3.525623
1.228764,1.298041
1.105718,1.786699
3.312329,1.513020
4.995696,1.516259
-0.113249,1.664923
0.080895,1.059267
0.566972,1.597551
1.100811,2.587888
0.163301,1.884215
1.250418,0.487478
0.096909,1.185244
2.762386,1.464608
0.364615,1.378626
4.728313,2.135663
0.018136,2.832211
3.282508,1.139333
1.474469,1.318230
0.370205,3.146752
1.557487,1.763571
4.621467,2.426360
0.077103,1.460170
0.055834,1.767260
0.064505,2.124341
6.440516,2.341688
0.245692,2.378345
4.759743,2.602069
0.312622,1.691883
1.889872,1.225157
0.746893,1.388301
0.346498,1.802533
0.006184,1.529292
3.915736,1.498028
6.263424,3.307747
0.250806,3.412952
0.624310,2.234026
7.169781,1.304632
0.206923,1.511239
6.217833,1.103891
0.397282,1.730750
0.489248,2.332350
5.983950,1.414542
-0.004096,0.827398
1.195453,1.463601
2.577475,3.648084
0.902115,2.059458
7.097013,0.991659
1.077851,0.625654
1.355727,1.443991
2.790057,1.259373
4.530810,1.265646
5.036174,1.287403
3.193716,1.595290
0.886915,1.649978
0.415134,1.710003
-0.118714,0.684359
0.076920,2.081661
3.859725,1.744931
3.982083,1.211084
0.132041,0.628733
0.628962,1.690086
0.160073,2.350789
0.019876,1.629518
0.561081,2.425416
0.050172,1.428898
-0.052364,1.392473
0.756608,1.362007
1.454324,2.080844
0.211862,1.581001
-0.052929,0.869763
5.511930,0.679721
0.257376,0.795014
3.194271,0.796324
2.798625,0.882487
0.256027,1.130524
-0.079367,1.277246
0.313575,2.654762
5.021423,2.128923
0.331448,1.357344
2.551580,1.653203
0.346839,1.853580
0.818252,1.947728
0.762346,1.504185
6.186501,1.110080
0.321587,0.470103
0.279990,2.085265
0.805115,2.279100
0.098053,1.175402
4.497634,3.287057
0.447527,1.135338
4.644331,2.383715
5.841775,1.817191
1.005437,2.303302
0.151152,0.307863
6.056602,2.648486
0.142450,0.741669
4.625852,0.333458
0.622719,1.210907
0.025312,2.072252
0.269924,0.843093
4.739047,0.848092
0.370985,0.462017
0.245362,1.695069
0.401156,2.206370
0.574241,0.477475
5.617308,1.095662
0.528696,1.388609
0.425898,1.563701
1.280080,2.186433
0.596950,1.411104
0.921443,1.316160
0.668820,2.406936
1.142681,0.851623
5.932328,2.783133
0.355972,0.533631
2.373714,1.503577
1.558864,1.043793
0.519079,1.382330
0.209778,1.389230
2.986969,1.571936
0.391091,2.091230
4.969333,1.457834
4.037715,1.783107
1.380696,1.406792
4.711514,0.909837
0.280107,0.887213
0.631813,1.336002
0.385938,0.946805
0.020621,0.765548
0.836650,3.190543
2.094130,1.402394
1.883229,0.258739
-0.110391,0.847968
3.320422,2.319854
0.102100,2.545834
0.562281,1.217846
0.985478,3.277536
0.185092,0.791078
0.371544,1.775064
2.035910,2.454774
0.270392,1.127822
0.913285,1.841978
0.408246,1.583117
1.861643,1.718941
4.421556,0.490803
5.031951,1.626004
6.136819,2.044656
0.018034,1.083599
0.628313,2.065988
0.245855,1.650885
0.008263,1.440631
1.835774,1.360142
0.183218,2.048757
2.933939,0.429944
0.083153,0.855679
5.753930,1.273379
0.468400,1.910654
4.531717,1.982483
-0.024323,2.632370
5.268782,1.869285
0.768232,3.199575
1.276975,1.689489
4.860221,1.501276
7.988028,2.015065
5.623380,2.373231
1.062424,1.813484
0.184681,2.424435
0.034960,1.894357
0.197545,1.494017
2.880156,1.925379
0.946444,1.466489
0.282263,0.894212
0.209587,0.931108
3.754020,3.424630
0.715258,2.008388
1.003991,1.731679
3.155302,1.430742
3.134830,1.164469
1.092463,1.876686
-0.006617,1.925051
2.312111,1.385499
5.695891,0.533053
0.155067,0.516972
4.668226,0.539138
5.830976,2.380697
5.124447,2.101080
0.991648,1.627689
1.026529,0.626270
0.705154,1.661970
7.913304,2.118233
0.070571,1.327040
0.276736,0.651099
0.094621,1.789281
3.241774,1.357922
0.849811,1.401560
0.141084,1.208701
6.505782,4.680227
0.245630,1.336723
2.852335,1.944151
0.018524,0.858811
1.925939,1.088850
0.693747,1.856187
0.809775,1.482263
0.874531,1.369439
0.550572,2.282529
0.435536,1.769034
0.096010,0.718110
0.487301,1.827541
-0.024859,1.273697
0.724242,0.797175
0.551723,3.395527
0.750239,2.569215
0.060977,0.851726
0.479050,1.200842
0.350424,1.027221
3.230865,0.482346
1.426170,1.850806
1.890985,1.683190
0.911691,1.104504
3.393929,2.096788
5.086128,1.122536
1.330427,2.164979
0.023228,1.017599
-0.018358,0.768024
6.812597,1.474072
2.097176,1.993487
0.256733,1.200850
0.467492,0.684402
4.584516,0.579578
-0.000423,1.152817
0.128943,0.404492
0.999857,1.569349
0.407392,1.287283
3.238307,1.885110
-0.028431,0.328030
0.942788,1.184304
0.629741,0.464738
2.009852,2.395778
0.315598,0.824860
3.969787,0.993837
0.870775,0.993507
0.093252,1.589308
0.409453,1.027926
0.195400,1.165308
0.047383,1.062344
1.101722,0.921151
-0.056845,2.934823
4.287669,0.930969
0.001331,0.954476
2.515330,1.886191
0.626748,1.338690
0.240860,1.428246
0.482951,1.921090
0.742592,1.374065
0.066153,1.089737
0.428816,0.985800
0.011248,0.703374
-0.010420,1.305421
0.041500,1.158958
3.377795,2.496863
0.086813,1.328718
5.376030,3.935503
0.095308,0.996129
1.053089,1.574139
0.047291,1.189789
0.274342,1.106426
0.458680,2.648659
3.528691,1.937955
0.823350,1.427475
3.133682,2.866734
0.413302,0.971700
3.092304,0.781949
0.411872,0.618729
-0.097575,1.113560
0.151092,1.153350
0.869483,0.920835
1.619176,2.369303
4.745614,1.363963
0.391693,0.877464
0.691244,1.988576
5.329547,2.440236
0.249376,0.838517
8.125090,1.922610
0.278797,0.448139
0.797373,1.318751
0.563843,1.163347
1.616433,2.581480
0.305046,0.634663
0.147196,0.810908
0.298948,1.378645
1.123235,0.790316
0.133269,2.862204
-0.046702,1.691234
6.576205,1.778576
0.135117,1.308048
0.533702,0.949822
0.355163,1.400797
6.659469,2.173179
0.429637,1.512769
5.069194,0.867273
4.772162,0.769669
0.356251,1.217484
0.550946,2.222238
6.065462,1.538342
0.498776,2.155440
0.738310,0.929212
0.493580,0.466084
0.381180,1.219371
0.357324,2.758087
4.617476,3.579957
0.497277,1.904287
4.364091,3.029490
4.568711,2.935775
1.141236,1.443401
1.750398,0.902766
0.357627,1.946460
-0.060146,0.495559
0.093917,1.391366
2.980947,1.153311
5.577889,3.412953
1.081841,1.294654
0.185598,3.110566
0.114318,2.526004
0.351282,1.641141
0.258449,1.342110
4.230106,1.082565
1.029154,0.430081
7.656509,3.340681
3.795684,1.838263
0.131954,1.408965
0.081987,1.531194
3.855002,1.541068
4.856072,2.831123
1.678142,1.200160
4.727422,2.477324
4.409135,0.573880
0.064352,0.595560
0.773303,1.113328
0.356761,1.969271
0.065227,3.370131
0.231943,2.923032
0.123289,0.990844
2.958271,1.187717
0.715781,1.745294
1.914918,1.494112
0.285597,1.516643
0.495530,1.291007
0.176195,1.064222
4.949858,3.552928
0.159548,1.307504
5.865287,1.397512
4.109825,1.699453
5.944544,2.464181
0.347245,1.472320
0.172041,1.490844
1.284548,0.923519
0.138709,2.433971
0.061333,1.883246
1.632402,3.160233
0.457077,1.730635
0.262459,2.833252
2.107280,0.967753
0.020643,1.834121
0.309103,2.711406
1.739954,1.796148
4.159905,1.999150
4.291427,0.726311
0.017491,2.276128
0.088754,2.067391
0.406390,1.457303
4.055777,0.809079
2.289323,2.022701
0.099369,0.690900
0.542176,0.654052
1.064243,0.920824
5.766747,1.122249
6.094357,2.603017
0.841320,2.275450
0.385780,1.164019
-0.061894,1.549284
0.857737,1.893838
0.364126,2.161184
0.407162,1.894351
0.007913,1.401032
0.232336,1.010675
2.843529,2.994287
0.048600,1.865298
0.061531,0.362922
4.852455,1.910522
1.167392,2.094781
0.658160,2.294516
0.975154,3.069080
0.727161,1.448835
-0.107776,2.471202
2.967874,1.620925
2.586043,0.554525
1.226303,1.274602
0.206101,3.249412
3.096894,1.426405
5.735098,2.917070
0.085525,1.020924
2.853057,1.454890
1.625585,3.677110
4.171402,0.948484
0.258807,3.093310
0.573200,1.834183
1.780166,1.682471
1.061208,1.563531
4.838390,0.968882
0.113558,1.663838
0.206790,2.439239
0.599819,1.392031
0.744540,0.743743
0.154564,1.318436
1.788260,1.052794
5.767482,0.726941
0.003483,0.883251
-0.060369,0.798711
0.792273,1.313002
3.009009,1.407173
4.209912,1.203168
0.484681,1.347936
-0.041190,0.592115
6.426457,1.555503
-0.035786,0.312370
0.275156,0.640795
2.537452,0.899733
0.385887,1.878293
0.032839,1.181852
2.876193,1.863257
5.160486,1.365030
0.326264,3.571480
0.693411,1.687130
0.659353,1.250379
0.044121,1.176211
5.275478,2.162166
3.597752,2.012997
1.760640,0.901245
0.179370,1.031809
2.896977,1.383586
4.535287,1.326891
0.515325,0.819144
-0.029255,1.066455
0.258918,1.471512
0.754973,3.526261
2.630475,2.276490
3.826021,3.297128
0.393410,1.316341
3.784799,1.802096
3.421558,2.171799
1.404512,0.683443
0.405059,1.113616
0.556623,1.524435
0.646729,1.846700
0.259381,2.031871
0.373909,1.479659
0.815695,0.714286
0.271171,0.380509
7.410208,2.741509
3.011626,1.020911
0.573786,2.170142
0.031896,1.224011
0.319214,0.686701
-0.060308,0.777861
4.281976,2.332198
2.277230,0.734109
0.360147,0.846626
-0.063313,0.541086
0.267101,0.104813
2.723911,2.475186
3.268872,0.624564
0.362515,0.691044
3.878224,1.402395
1.016610,1.346105
0.358236,2.195438
0.220632,0.527390
1.626466,2.325200
0.013521,2.373517
1.142542,0.772801
0.686077,1.569727
3.918160,1.582794
5.338052,1.428655
0.000561,0.914929
0.496754,1.251779
0.817462,2.184718
0.869575,2.190831
0.706369,2.672913
6.167344,1.708254
0.381474,1.693159
4.430715,1.577603
0.689235,1.518669
0.161273,1.732470
0.735082,2.359576
5.916761,1.713759
0.098018,2.111081
0.912654,1.169477
-0.059349,0.831527
0.500362,2.298980
0.449276,0.324736
0.240926,1.983828
0.398269,2.240860
0.190455,1.108740
0.949522,1.738812
4.393580,2.523602
5.299408,1.765262
2.216290,0.947042
0.606099,1.052540
0.054923,2.685292
4.525963,1.072900
0.072314,1.175981
2.868578,3.641472
5.048857,1.244988
0.096565,2.050843
0.239241,0.553064
0.161680,2.246196
1.990632,0.709170
1.869436,1.009072
6.747722,1.409979
1.762184,2.149346
-0.022671,0.387912
1.225874,1.793163
3.705341,2.466028
0.991938,1.087747
3.966228,0.976202
0.267471,1.117648
0.667071,2.915230
0.201852,0.741211
0.764463,1.679749
4.652450,1.611253
0.398722,1.626031
5.830972,0.630349
0.088724,2.121729
4.451904,0.762157
4.545214,2.263870
5.373840,2.118248
0.371859,1.544469
6.143416,3.036481
5.101180,2.507145
0.016888,1.427546
0.149186,1.437304
2.035724,1.255324
1.124590,1.174594
0.269411,0.768648
2.139735,2.477018
5.335701,1.861879
0.014992,1.463866
0.633310,0.795977
6.791827,2.023671
0.955893,2.661277
0.716120,3.163573
-0.086843,2.325178
3.812497,0.541901
0.140840,0.334433
0.219763,1.490891
3.852906,2.724454
0.284465,0.589402
0.187421,0.781597
0.622356,0.999584
7.311666,1.346305
8.168849,1.387131
0.455537,1.383523
0.209464,1.852686
5.198605,0.612056
0.077874,1.530682
0.674835,1.693481
0.047244,0.759281
1.159645,1.616116
0.831304,0.319532
0.108114,1.638736
4.109485,0.747737
4.159179,1.761982
5.172627,1.818899
0.842378,3.187729
0.389245,1.080763
4.332413,1.000051
2.512774,1.889639
1.491723,2.125074
0.033412,0.666890
3.335815,0.910090
5.106533,1.162587
3.759291,1.132720
0.314412,1.232868
0.281187,2.724739
4.973791,1.362766
1.062142,1.647314
3.276527,0.489484
0.208161,1.054876
0.194415,2.150959
1.844243,2.212066
0.224346,1.881820
1.652315,0.662091
0.174813,0.814745
6.752653,1.082920
3.818162,1.873257
5.288588,0.990822
0.142895,1.635775
5.531906,1.984943
4.450823,0.752101
0.281922,0.799781
3.325495,1.916856
1.095947,0.446877
0.378313,0.690355
5.109692,1.302129
0.107056,1.973661
3.148506,0.598725
0.977844,1.618410
1.506388,0.288196
0.248818,0.931987
4.688126,1.286889
0.253707,0.890753
5.342884,1.836920
1.861786,1.862485
3.637623,1.583052
1.159224,1.454890
4.824033,1.519643
0.349166,3.136660
0.374764,1.933723
0.201442,1.447439
4.362586,1.254902
5.124148,1.757066
4.730394,1.304230
0.290351,1.502413
0.509946,2.195778
0.252383,0.953004
5.026576,0.822960
0.319319,1.983658
0.726893,0.850678
0.452781,1.735511
6.677008,1.482709
0.158551,0.689181
0.327480,0.483385
-0.028093,1.130889
0.554306,0.328912
0.253816,1.513570
1.824541,3.288553
0.024248,0.335122
0.785603,2.693539
0.032645,0.283438
0.397818,1.204959
0.566510,2.116833
0.708289,0.961979
0.409726,1.137363
5.933314,2.352340
0.071258,1.718966
3.638887,2.989707
-0.030619,1.877589
1.693190,1.160290
7.968506,2.398168
0.789488,0.917495
5.276009,1.857867
5.783500,1.035129
0.270653,2.326673
0.026344,1.014381
1.323773,2.574148
0.003947,1.101891
0.768298,0.985467
2.901007,1.298338
0.014370,0.995284
4.972532,1.021210
1.117926,0.730529
0.766935,2.322586
0.925754,2.004793
0.340485,2.279144
0.273415,1.199530
0.291479,1.704030
0.273808,2.184984
3.756762,1.125017
0.631218,1.733330
1.409878,2.557090
0.655287,0.779821
0.326221,1.709762
0.991079,1.516530
0.247193,0.591709
0.122809,1.100541
1.690093,2.459742
0.181019,0.183219
-0.017675,1.686172
0.376603,0.963926
0.874083,1.598917
0.629742,3.238442
1.920594,1.606289
0.829023,2.373354
0.093405,0.610577
3.850882,1.568604
5.433969,3.159608
0.137844,1.033845
0.343543,1.282252
0.352647,2.121948
1.570468,1.919276
3.068465,1.601307
4.904613,0.940371
4.893448,1.687473
0.361641,1.577994
0.087623,1.090670
0.336696,1.457391
0.048796,1.287752
0.600029,3.792570
6.567968,0.667106
0.634961,1.887680
5.192811,0.884855
0.506430,1.063432
0.426248,0.766957
0.129476,2.131310
0.081430,0.968332
-0.051080,1.573060
0.192843,2.424164
1.341270,2.156517
0.054417,2.002840
4.914885,0.143102
0.130937,2.081615
0.243100,1.702279
6.551916,1.616405
1.123068,1.828903
1.895162,0.735298
0.566624,2.520746
1.134567,1.103159
0.305435,1.384297
0.393816,2.320568
0.111177,1.763388
0.112006,0.923862
0.691664,0.876786
5.379264,2.505344
0.076281,1.542424
-0.085753,1.075022
7.077289,1.852102
0.190661,3.370586
0.669216,0.625484
3.073314,1.363133
5.772513,1.873754
0.243613,1.423646
3.611262,1.589213
0.618626,2.215137
1.465175,1.104655
0.747155,0.761431
0.635285,1.911954
1.142281,2.108244
-0.055548,1.488530
-0.021771,1.102181
5.849533,2.348940
0.011774,1.347392
2.894774,0.349637
3.939077,1.842400
0.091749,1.250769
4.189552,2.398985
0.079021,2.159720
0.233470,0.597821
0.024874,0.442912
0.437097,0.525896
4.096006,2.203408
2.659051,2.107878
0.016695,2.018680
0.943943,1.848685
0.391143,2.563142
4.147790,0.390086
3.294581,3.659448
-0.075120,0.192926
0.309275,1.316810
0.871195,2.195953
0.341276,2.379306
3.969922,2.080918
5.268578,0.686930
0.909065,1.408173
0.514465,0.572171
1.703114,0.413219
0.380520,1.211984
1.631283,2.476611
0.008119,0.750087
3.287998,1.577653
4.831118,2.317707
5.377336,1.166989
2.190427,1.081011
0.664557,2.032820
0.285579,2.906880
1.277167,1.280507
0.862199,0.454204
0.494712,1.673783
3.436688,0.874149
0.720154,2.189581
1.163901,1.442539
0.071205,1.384333
1.399456,1.171949
0.778755,1.919723
1.603879,1.626788
0.919474,1.814468
2.590523,2.891647
3.603918,1.089492
1.323403,1.023981
0.064124,1.299824
3.985451,1.541065
0.032654,2.906342
1.043042,1.102761
3.154550,3.358697
3.581672,1.055024
1.594970,1.739113
-0.008113,2.032361
5.147996,1.552967
1.252534,1.423707
0.368931,0.510096
0.323026,0.487338
1.491582,1.261659
0.623728,1.599518
0.544057,1.800030
1.469685,1.747106
1.255117,2.531549
3.134091,1.232781
0.888434,1.138942
1.910153,1.932764
3.827418,1.192601
6.414251,2.324535
2.756915,2.155288
0.353754,0.297075
0.343964,2.382905
0.120679,2.569969
5.933296,1.177901
8.095192,1.814825
2.904516,1.519308
0.862523,1.660102
0.870700,0.780003
6.295218,1.440925
0.143220,2.194895
7.035858,4.645368
0.040014,1.328045
0.079009,0.580199
1.158568,0.838244
0.266229,2.171173
1.070481,2.004068
1.507724,1.663904
0.105521,0.872200
3.151813,0.719525
0.561983,2.286809
0.189931,1.843791
-0.081464,0.992662
2.888811,1.441510
0.282512,2.023272
5.596664,2.359919
4.621627,1.432456
0.315220,2.455019
0.144324,2.078060
1.953392,0.410409
0.082777,1.652414
0.184911,1.255142
0.036288,1.084055
0.926347,3.646751
2.888290,2.268189
0.159423,2.014386
0.836235,2.075719
1.915850,2.980258
0.321723,0.557394
2.895293,2.717122
2.896045,1.921824
0.011070,0.677670
-0.033339,2.906278
0.029023,1.457874
0.537336,1.568089
0.328915,1.519285
5.266582,1.860870
2.981604,0.855635
1.724247,1.086958
3.759118,0.898692
0.432229,0.840190
0.136974,0.514059
0.328492,0.594310
0.282577,0.861314
4.867340,0.885564
0.056502,1.122138
7.343802,1.904611
0.200857,2.125942
5.567972,1.625503
0.216435,0.218396
0.423959,1.917385
0.323810,2.348809
4.942837,0.743979
0.063309,0.610181
-0.005621,2.614155
4.249750,1.474779
0.600281,1.589428
0.387742,1.202433
5.058678,1.596679
5.509682,1.904187
2.025903,2.189489
6.563781,1.443678
0.456859,1.380772
0.097494,1.175726
3.778402,1.203655
0.906367,0.110541
0.246061,1.172133
5.625498,1.662511
6.888878,2.091797
0.062301,0.671401
5.971509,1.217035
1.046595,1.067378
0.028936,3.356029
1.259499,2.047513
0.548126,0.631599
4.811007,1.087007
0.726253,0.776530
0.315293,0.707045
0.581412,1.688125
4.195187,1.912834
0.586088,1.362634
3.815360,2.147049
2.846909,0.733677
0.441641,0.980186
2.987773,1.255166
1.125164,0.850233
0.582465,1.128591
1.325439,1.416576
0.413591,0.992855
0.403967,1.787419
0.008175,-0.065850
0.449701,1.561309
0.036053,1.559186
0.643315,1.087375
0.110012,1.363617
0.423063,1.095569
0.445334,1.658378
3.031527,1.387812
1.580407,1.828545
0.462709,1.977467
0.679467,1.859719
-0.067910,1.190359
1.797508,1.165567
4.346582,1.589803
0.176619,1.130814
1.278775,1.652964
0.361783,1.116032
-0.008639,1.361714
4.210414,1.079588
3.223344,1.374284
0.741964,0.847578
6.885333,1.686474
2.592557,1.634558
0.097058,2.299932
0.943165,3.097498
1.109712,0.804951
4.855414,1.356095
0.480484,1.016590
2.752102,1.388803
-0.040401,1.184292
0.419425,2.287201
4.012242,2.459363
3.222800,1.694359
0.313526,1.684386
0.325137,1.509409
2.252646,2.275511
0.264255,1.024844
0.473598,0.234944
0.167586,1.843680
0.311502,1.830807
1.379745,2.300370
-0.078583,1.739672
3.436145,2.161587
4.713410,1.705068
0.745439,1.317001
0.406009,2.202492
-0.084855,2.149092
3.117198,0.698624
0.585133,1.145039
0.472340,0.045099
2.339282,1.942035
0.100797,0.560057
0.035136,1.174614
0.067918,1.092475
0.476047,2.013467
0.795124,1.484067
0.084700,0.467744
0.883778,1.575550
0.796367,1.251430
0.874778,1.177053
-0.137405,0.808879
0.622170,2.486470
3.403605,1.568396
0.051168,0.800757
0.263236,1.364663
1.089370,2.668380
2.711736,0.676631
5.556385,2.262540
0.005474,1.489501
0.031675,2.508107
0.291953,0.780187
6.244594,1.717688
0.345680,2.140686
0.532816,0.406927
3.301386,1.884522
0.039890,0.715522
0.411266,1.565651
0.538396,1.167580
-0.025646,1.295485
0.406877,2.297771
1.133894,2.184864
2.798170,0.568130
5.053645,1.701952
0.509547,2.167146
0.227713,1.279846
0.211234,2.026784
4.047314,1.419317
6.606206,2.306113
4.277376,2.094836
1.158837,2.594227
5.009223,3.801551
-0.000346,1.587101
1.110966,0.617207
0.441110,1.836880
0.268663,1.245901
0.541893,2.561968
2.224258,0.692576
1.707688,1.295451
-0.122250,0.625083
1.545471,1.051824
0.925429,2.277168
-0.018606,0.975181
0.361949,3.051958
1.789203,1.301588
0.520610,1.647056
3.688213,1.469991
4.601531,0.562788
0.534366,1.615228
-0.093382,1.279340
2.494432,2.127154
0.346251,1.910951
0.690247,1.435737
1.244174,1.685265
0.157726,2.110148
0.167931,0.323632
1.139241,2.344151
-0.053139,1.385279
5.089616,1.935608
-0.075115,1.993381
2.715034,2.187853
5.016684,1.560026
0.399471,0.745549
0.704474,1.533956
0.182623,1.214839
0.563090,1.092898
4.870928,2.242623
3.122530,1.859741
0.798349,2.258317
6.101741,0.521183
0.037539,1.536951
4.839377,2.252824
0.016331,1.440707
1.473121,1.479528
1.245772,1.427615
0.409654,1.330824
0.334519,1.548752
7.052916,3.980891
0.410121,1.368593
7.018069,2.325472
0.281748,1.418771
-0.046150,1.920479
1.076035,2.036326
0.453094,2.247886
1.320233,0.350912
0.743627,1.646173
3.940369,1.687436
0.183567,0.654235
0.352784,0.832321
0.084137,0.699949
0.133125,2.087344
1.539035,1.283981
8.846978,1.546477
3.865434,1.160358
2.137022,1.693900
0.885909,2.646439
0.184160,1.941996
0.530381,1.405841
5.743773,2.126720
6.271099,2.138436
1.072830,1.553680
2.624933,0.610725
0.810156,2.722128
0.577668,1.575064
0.944979,2.268322
0.556184,1.345007
4.236831,-0.037262
0.359288,0.912378
4.803859,1.875729
4.024752,0.448279
5.676987,1.829522
0.215097,2.839847
0.169364,2.112359
0.927136,1.712691
5.374682,1.743546
0.403765,1.714834
0.493615,0.981314
3.406609,1.087507
0.491738,1.377946
-0.083243,0.828651
1.476631,1.557520
3.655105,3.527604
0.844125,2.220062
-0.106943,0.480379
-0.119525,1.020096
2.696969,1.028936
0.222150,0.557450
1.620113,0.581597
3.893537,0.683274
3.372407,3.049334
-0.075334,1.458847
4.177250,2.122079
7.378064,2.190921
0.202884,1.091453
0.782463,1.910852
0.261749,1.741552
0.362477,3.371822
3.484699,2.016716
0.357370,0.650270
2.697456,2.824619
0.799161,0.624706
1.918418,1.082345
0.329471,0.903554
2.406660,1.779592
0.496404,1.374335
1.145237,1.587363
0.109381,0.969865
0.157539,1.122711
4.852843,1.889261
0.680387,1.026469
0.364122,1.696840
0.049762,0.797988
3.330572,3.063952
0.138021,0.469962
1.885615,2.368525
6.857675,0.940012
5.837290,1.718094
6.043798,0.889254
5.966635,1.377706
3.083270,1.479453
0.007245,1.762197
0.517970,2.548798
3.675555,2.349339
3.238769,0.866750
0.628742,1.644503
0.344080,2.071059
0.051412,0.217707
0.030825,0.957370
0.922439,1.974076
1.760567,1.402061
0.459008,1.833744
1.284901,1.856418
0.282468,1.350708
-0.073993,1.476613
0.007440,1.470716
0.000771,0.783433
6.161586,1.846697
0.196627,1.867025
0.076916,1.023230
1.825994,0.941581
0.747133,1.871759
0.096747,2.233659
1.101418,3.651413
1.610682,2.139756
